sep=,
Time , x , y , z
"2017-03-26 15:57:19.648" , "-0.45899999141693115" , "6.742000102996826" , "7.047999858856201"
"2017-03-26 15:57:19.846" , "-0.3059999942779541" , "6.589000225067139" , "7.047999858856201"
"2017-03-26 15:57:20.046" , "-0.45899999141693115" , "6.589000225067139" , "7.202000141143799"
"2017-03-26 15:57:20.249" , "-0.45899999141693115" , "6.589000225067139" , "7.355000019073486"
"2017-03-26 15:57:20.452" , "-0.3059999942779541" , "6.2820000648498535" , "7.202000141143799"
"2017-03-26 15:57:20.646" , "0.0" , "6.589000225067139" , "7.047999858856201"
"2017-03-26 15:57:20.846" , "-0.15299999713897705" , "6.2820000648498535" , "7.507999897003174"
"2017-03-26 15:57:21.046" , "0.0" , "6.434999942779541" , "7.047999858856201"
"2017-03-26 15:57:21.246" , "-0.3059999942779541" , "6.434999942779541" , "7.507999897003174"
"2017-03-26 15:57:21.452" , "-0.3059999942779541" , "6.2820000648498535" , "7.047999858856201"
"2017-03-26 15:57:21.649" , "-0.45899999141693115" , "6.434999942779541" , "7.660999774932861"
"2017-03-26 15:57:21.846" , "-0.15299999713897705" , "6.434999942779541" , "6.894999980926514"
"2017-03-26 15:57:22.046" , "0.0" , "6.589000225067139" , "6.742000102996826"
"2017-03-26 15:57:22.246" , "-0.15299999713897705" , "6.742000102996826" , "7.202000141143799"
"2017-03-26 15:57:22.455" , "-0.15299999713897705" , "6.589000225067139" , "6.894999980926514"
"2017-03-26 15:57:22.648" , "0.0" , "6.589000225067139" , "7.355000019073486"
"2017-03-26 15:57:22.848" , "0.0" , "6.894999980926514" , "6.894999980926514"
"2017-03-26 15:57:23.126" , "-0.765999972820282" , "6.2820000648498535" , "7.507999897003174"
"2017-03-26 15:57:23.254" , "-0.45899999141693115" , "6.434999942779541" , "7.202000141143799"
"2017-03-26 15:57:23.452" , "-0.15299999713897705" , "6.434999942779541" , "7.507999897003174"
"2017-03-26 15:57:23.647" , "-0.3059999942779541" , "6.2820000648498535" , "7.355000019073486"
"2017-03-26 15:57:23.847" , "-0.3059999942779541" , "6.2820000648498535" , "7.507999897003174"
"2017-03-26 15:57:24.047" , "-0.3059999942779541" , "6.129000186920166" , "7.355000019073486"
"2017-03-26 15:57:24.247" , "-0.15299999713897705" , "6.2820000648498535" , "7.355000019073486"
"2017-03-26 15:57:24.453" , "-0.3059999942779541" , "6.2820000648498535" , "7.660999774932861"
"2017-03-26 15:57:24.646" , "0.0" , "6.434999942779541" , "7.202000141143799"
"2017-03-26 15:57:24.846" , "-0.15299999713897705" , "6.434999942779541" , "7.355000019073486"
"2017-03-26 15:57:25.050" , "-0.3059999942779541" , "6.434999942779541" , "7.355000019073486"
"2017-03-26 15:57:25.250" , "-0.15299999713897705" , "6.434999942779541" , "7.202000141143799"
"2017-03-26 15:57:25.456" , "-0.15299999713897705" , "6.434999942779541" , "6.894999980926514"
"2017-03-26 15:57:25.651" , "-0.3059999942779541" , "6.434999942779541" , "7.355000019073486"
"2017-03-26 15:57:25.846" , "-0.15299999713897705" , "6.434999942779541" , "7.202000141143799"
"2017-03-26 15:57:26.046" , "-0.3059999942779541" , "6.589000225067139" , "7.355000019073486"
"2017-03-26 15:57:26.246" , "-0.15299999713897705" , "6.129000186920166" , "6.742000102996826"
"2017-03-26 15:57:26.452" , "-0.3059999942779541" , "6.2820000648498535" , "8.121000289916992"
"2017-03-26 15:57:26.646" , "-0.15299999713897705" , "6.434999942779541" , "6.894999980926514"
"2017-03-26 15:57:26.846" , "0.0" , "6.434999942779541" , "7.047999858856201"
"2017-03-26 15:57:27.053" , "-0.3059999942779541" , "6.434999942779541" , "7.202000141143799"
"2017-03-26 15:57:28.253" , "-0.15299999713897705" , "6.434999942779541" , "7.202000141143799"
"2017-03-26 15:57:28.455" , "-0.3059999942779541" , "6.434999942779541" , "7.202000141143799"
"2017-03-26 15:57:28.653" , "-0.3059999942779541" , "6.589000225067139" , "7.202000141143799"
"2017-03-26 15:57:28.846" , "-0.45899999141693115" , "6.589000225067139" , "6.894999980926514"
"2017-03-26 15:57:29.046" , "-0.3059999942779541" , "6.434999942779541" , "7.202000141143799"
"2017-03-26 15:57:29.452" , "-0.3059999942779541" , "6.434999942779541" , "7.047999858856201"
"2017-03-26 15:57:29.653" , "-0.3059999942779541" , "6.589000225067139" , "7.202000141143799"
"2017-03-26 15:57:29.846" , "-0.15299999713897705" , "6.589000225067139" , "7.047999858856201"
"2017-03-26 15:57:30.053" , "-0.3059999942779541" , "6.434999942779541" , "7.355000019073486"
"2017-03-26 15:57:30.247" , "-0.15299999713897705" , "6.434999942779541" , "7.202000141143799"
"2017-03-26 15:57:30.452" , "-0.15299999713897705" , "6.434999942779541" , "7.047999858856201"
"2017-03-26 15:57:30.647" , "-0.3059999942779541" , "6.434999942779541" , "7.355000019073486"
"2017-03-26 15:57:30.847" , "-0.3059999942779541" , "6.434999942779541" , "7.047999858856201"
"2017-03-26 15:57:31.047" , "-0.3059999942779541" , "6.434999942779541" , "7.355000019073486"
"2017-03-26 15:57:31.247" , "-0.3059999942779541" , "6.2820000648498535" , "7.202000141143799"
"2017-03-26 15:57:31.452" , "-0.15299999713897705" , "6.589000225067139" , "7.355000019073486"
"2017-03-26 15:57:31.655" , "0.15299999713897705" , "6.589000225067139" , "7.047999858856201"
"2017-03-26 15:57:31.846" , "-0.15299999713897705" , "6.434999942779541" , "7.202000141143799"
"2017-03-26 15:57:32.246" , "-0.15299999713897705" , "6.434999942779541" , "7.355000019073486"
"2017-03-26 15:57:32.452" , "-0.15299999713897705" , "6.434999942779541" , "7.047999858856201"
"2017-03-26 15:57:32.646" , "-0.15299999713897705" , "6.434999942779541" , "7.355000019073486"
"2017-03-26 15:57:32.846" , "-0.15299999713897705" , "6.434999942779541" , "7.047999858856201"
"2017-03-26 15:57:33.105" , "-0.15299999713897705" , "6.2820000648498535" , "7.355000019073486"
"2017-03-26 15:57:33.246" , "0.0" , "6.434999942779541" , "7.202000141143799"
"2017-03-26 15:57:33.452" , "-0.45899999141693115" , "6.2820000648498535" , "7.202000141143799"
"2017-03-26 15:57:33.853" , "-0.45899999141693115" , "6.434999942779541" , "7.814000129699707"
"2017-03-26 15:57:34.046" , "0.0" , "6.434999942779541" , "7.047999858856201"
"2017-03-26 15:57:34.253" , "-0.9190000295639038" , "6.129000186920166" , "7.202000141143799"
"2017-03-26 15:57:34.453" , "-0.6119999885559082" , "5.97599983215332" , "5.822000026702881"
"2017-03-26 15:57:34.646" , "-1.225000023841858" , "4.5970001220703125" , "7.355000019073486"
"2017-03-26 15:57:34.850" , "-1.225000023841858" , "4.442999839782715" , "6.2820000648498535"
"2017-03-26 15:57:35.050" , "-2.757999897003174" , "4.5970001220703125" , "8.121000289916992"
"2017-03-26 15:57:35.253" , "-4.289999961853027" , "5.669000148773193" , "7.814000129699707"
"2017-03-26 15:57:35.453" , "-0.45899999141693115" , "11.491999626159668" , "10.265999794006348"
"2017-03-26 15:57:35.648" , "-0.45899999141693115" , "6.742000102996826" , "6.894999980926514"
"2017-03-26 15:57:35.848" , "0.765999972820282" , "6.742000102996826" , "6.434999942779541"
"2017-03-26 15:57:36.048" , "0.15299999713897705" , "8.121000289916992" , "4.75"
"2017-03-26 15:57:36.249" , "0.15299999713897705" , "9.194000244140625" , "1.9919999837875366"
"2017-03-26 15:57:36.454" , "-0.15299999713897705" , "9.039999961853027" , "3.8299999237060547"
"2017-03-26 15:57:36.646" , "-0.765999972820282" , "7.355000019073486" , "7.9679999351501465"
"2017-03-26 15:57:36.846" , "0.15299999713897705" , "8.121000289916992" , "4.289999961853027"
"2017-03-26 15:57:37.046" , "-1.0720000267028809" , "8.427000045776367" , "5.97599983215332"
"2017-03-26 15:57:37.248" , "0.765999972820282" , "6.742000102996826" , "5.669000148773193"
"2017-03-26 15:57:37.453" , "1.9919999837875366" , "7.355000019073486" , "5.97599983215332"
"2017-03-26 15:57:37.649" , "0.45899999141693115" , "6.589000225067139" , "8.88700008392334"
"2017-03-26 15:57:37.849" , "0.6119999885559082" , "5.669000148773193" , "6.742000102996826"
"2017-03-26 15:57:38.048" , "1.0720000267028809" , "5.36299991607666" , "4.9029998779296875"
"2017-03-26 15:57:38.247" , "2.1449999809265137" , "7.355000019073486" , "9.5"
"2017-03-26 15:57:38.453" , "0.3059999942779541" , "5.97599983215332" , "6.2820000648498535"
"2017-03-26 15:57:38.660" , "0.0" , "5.97599983215332" , "9.347000122070313"
"2017-03-26 15:57:38.846" , "-0.6119999885559082" , "6.129000186920166" , "7.660999774932861"
"2017-03-26 15:57:39.046" , "-1.225000023841858" , "5.822000026702881" , "7.9679999351501465"
"2017-03-26 15:57:39.246" , "-1.0720000267028809" , "5.97599983215332" , "6.742000102996826"
"2017-03-26 15:57:39.452" , "-0.9190000295639038" , "6.129000186920166" , "6.2820000648498535"
"2017-03-26 15:57:39.646" , "0.3059999942779541" , "6.742000102996826" , "6.434999942779541"
"2017-03-26 15:57:39.846" , "0.6119999885559082" , "6.2820000648498535" , "8.88700008392334"
"2017-03-26 15:57:40.046" , "0.765999972820282" , "5.669000148773193" , "7.507999897003174"
"2017-03-26 15:57:40.248" , "-0.3059999942779541" , "5.36299991607666" , "7.507999897003174"
"2017-03-26 15:57:40.455" , "-0.9190000295639038" , "5.822000026702881" , "7.047999858856201"
"2017-03-26 15:57:40.646" , "0.0" , "7.355000019073486" , "7.202000141143799"
"2017-03-26 15:57:40.846" , "-1.0720000267028809" , "6.894999980926514" , "6.2820000648498535"
"2017-03-26 15:57:41.046" , "-1.0720000267028809" , "6.894999980926514" , "7.202000141143799"
"2017-03-26 15:57:41.246" , "-0.15299999713897705" , "6.434999942779541" , "7.507999897003174"
"2017-03-26 15:57:41.452" , "0.3059999942779541" , "5.36299991607666" , "8.427000045776367"
"2017-03-26 15:57:41.650" , "0.6119999885559082" , "5.97599983215332" , "7.507999897003174"
"2017-03-26 15:57:41.846" , "-0.765999972820282" , "6.2820000648498535" , "7.660999774932861"
"2017-03-26 15:57:42.046" , "-0.45899999141693115" , "6.129000186920166" , "8.734000205993652"
"2017-03-26 15:57:42.246" , "-0.15299999713897705" , "5.056000232696533" , "7.814000129699707"
"2017-03-26 15:57:42.451" , "0.0" , "5.36299991607666" , "7.047999858856201"
"2017-03-26 15:57:42.646" , "-0.15299999713897705" , "5.669000148773193" , "7.814000129699707"
"2017-03-26 15:57:42.854" , "-0.765999972820282" , "5.822000026702881" , "7.814000129699707"
"2017-03-26 15:57:43.047" , "-0.45899999141693115" , "5.822000026702881" , "7.355000019073486"
"2017-03-26 15:57:43.246" , "0.15299999713897705" , "5.97599983215332" , "7.507999897003174"
"2017-03-26 15:57:43.451" , "0.0" , "5.97599983215332" , "7.507999897003174"
"2017-03-26 15:57:43.646" , "0.0" , "5.97599983215332" , "7.9679999351501465"
"2017-03-26 15:57:43.846" , "0.0" , "5.822000026702881" , "7.507999897003174"
"2017-03-26 15:57:44.046" , "-0.15299999713897705" , "5.822000026702881" , "7.814000129699707"
"2017-03-26 15:57:44.257" , "0.15299999713897705" , "6.129000186920166" , "7.507999897003174"
"2017-03-26 15:57:44.466" , "-0.3059999942779541" , "5.669000148773193" , "7.814000129699707"
"2017-03-26 15:57:44.658" , "0.3059999942779541" , "5.822000026702881" , "7.814000129699707"
"2017-03-26 15:57:44.849" , "0.765999972820282" , "5.669000148773193" , "7.9679999351501465"
"2017-03-26 15:57:45.052" , "0.3059999942779541" , "5.822000026702881" , "7.660999774932861"
"2017-03-26 15:57:45.253" , "-0.765999972820282" , "6.589000225067139" , "6.434999942779541"
"2017-03-26 15:57:45.454" , "-0.45899999141693115" , "5.97599983215332" , "6.589000225067139"
"2017-03-26 15:57:45.705" , "0.765999972820282" , "6.2820000648498535" , "7.9679999351501465"
"2017-03-26 15:57:45.846" , "1.8380000591278076" , "5.515999794006348" , "7.355000019073486"
"2017-03-26 15:57:46.046" , "0.3059999942779541" , "5.97599983215332" , "5.97599983215332"
"2017-03-26 15:57:46.255" , "-0.6119999885559082" , "6.2820000648498535" , "7.355000019073486"
"2017-03-26 15:57:46.452" , "0.3059999942779541" , "8.121000289916992" , "7.660999774932861"
"2017-03-26 15:57:46.654" , "1.684999942779541" , "7.507999897003174" , "10.265999794006348"
"2017-03-26 15:57:46.846" , "-0.3059999942779541" , "5.669000148773193" , "7.660999774932861"
"2017-03-26 15:57:47.056" , "-0.45899999141693115" , "5.36299991607666" , "5.822000026702881"
"2017-03-26 15:57:47.247" , "-1.8380000591278076" , "5.669000148773193" , "6.129000186920166"
"2017-03-26 15:57:47.466" , "-0.9190000295639038" , "6.434999942779541" , "6.434999942779541"
"2017-03-26 15:57:47.646" , "-0.765999972820282" , "6.434999942779541" , "6.434999942779541"
"2017-03-26 15:57:47.846" , "0.0" , "7.9679999351501465" , "5.669000148773193"
"2017-03-26 15:57:48.046" , "0.765999972820282" , "6.894999980926514" , "7.202000141143799"
"2017-03-26 15:57:48.248" , "-0.6119999885559082" , "6.129000186920166" , "8.121000289916992"
"2017-03-26 15:57:48.462" , "-0.9190000295639038" , "6.434999942779541" , "5.97599983215332"
"2017-03-26 15:57:48.646" , "0.15299999713897705" , "6.589000225067139" , "8.427000045776367"
"2017-03-26 15:57:48.846" , "-0.15299999713897705" , "6.589000225067139" , "7.660999774932861"
"2017-03-26 15:57:49.046" , "-1.0720000267028809" , "5.669000148773193" , "7.814000129699707"
"2017-03-26 15:57:49.246" , "-0.15299999713897705" , "5.36299991607666" , "8.427000045776367"
"2017-03-26 15:57:49.462" , "0.45899999141693115" , "5.669000148773193" , "8.121000289916992"
"2017-03-26 15:57:49.646" , "0.3059999942779541" , "5.822000026702881" , "7.507999897003174"
"2017-03-26 15:57:49.876" , "0.0" , "5.056000232696533" , "8.581000328063965"
"2017-03-26 15:57:50.082" , "0.765999972820282" , "5.515999794006348" , "7.9679999351501465"
"2017-03-26 15:57:50.246" , "0.6119999885559082" , "5.36299991607666" , "7.9679999351501465"
"2017-03-26 15:57:50.465" , "0.6119999885559082" , "5.515999794006348" , "7.9679999351501465"
"2017-03-26 15:57:50.647" , "0.6119999885559082" , "5.209000110626221" , "7.9679999351501465"
"2017-03-26 15:57:50.847" , "0.765999972820282" , "5.515999794006348" , "7.814000129699707"
"2017-03-26 15:57:51.047" , "0.6119999885559082" , "5.36299991607666" , "8.27400016784668"
"2017-03-26 15:57:51.247" , "0.765999972820282" , "5.36299991607666" , "7.814000129699707"
"2017-03-26 15:57:51.647" , "0.6119999885559082" , "5.36299991607666" , "8.121000289916992"
"2017-03-26 15:57:51.846" , "0.6119999885559082" , "5.209000110626221" , "7.9679999351501465"
"2017-03-26 15:57:52.047" , "0.6119999885559082" , "5.209000110626221" , "8.121000289916992"
"2017-03-26 15:57:52.247" , "0.6119999885559082" , "5.056000232696533" , "8.27400016784668"
"2017-03-26 15:57:52.470" , "0.765999972820282" , "5.056000232696533" , "8.121000289916992"
"2017-03-26 15:57:52.647" , "0.6119999885559082" , "5.056000232696533" , "8.121000289916992"
"2017-03-26 15:57:52.846" , "0.0" , "4.9029998779296875" , "8.121000289916992"
"2017-03-26 15:57:53.055" , "0.45899999141693115" , "5.36299991607666" , "7.814000129699707"
"2017-03-26 15:57:53.246" , "0.0" , "4.9029998779296875" , "8.121000289916992"
"2017-03-26 15:57:53.465" , "0.6119999885559082" , "5.36299991607666" , "7.9679999351501465"
"2017-03-26 15:57:53.648" , "0.3059999942779541" , "5.209000110626221" , "8.427000045776367"
"2017-03-26 15:57:53.849" , "0.3059999942779541" , "5.056000232696533" , "8.121000289916992"
"2017-03-26 15:57:54.046" , "0.3059999942779541" , "5.209000110626221" , "8.427000045776367"
"2017-03-26 15:57:54.246" , "0.3059999942779541" , "5.056000232696533" , "8.27400016784668"
"2017-03-26 15:57:54.453" , "0.45899999141693115" , "5.056000232696533" , "8.121000289916992"
"2017-03-26 15:57:54.646" , "0.6119999885559082" , "5.056000232696533" , "8.27400016784668"
"2017-03-26 15:57:54.846" , "0.3059999942779541" , "5.056000232696533" , "8.121000289916992"
"2017-03-26 15:57:55.046" , "0.45899999141693115" , "5.36299991607666" , "8.27400016784668"
"2017-03-26 15:57:55.246" , "0.3059999942779541" , "5.209000110626221" , "7.9679999351501465"
"2017-03-26 15:57:55.452" , "0.6119999885559082" , "5.515999794006348" , "7.9679999351501465"
"2017-03-26 15:57:55.664" , "0.3059999942779541" , "5.209000110626221" , "8.27400016784668"
"2017-03-26 15:57:55.851" , "0.45899999141693115" , "5.209000110626221" , "8.121000289916992"
"2017-03-26 15:57:56.046" , "0.6119999885559082" , "5.515999794006348" , "7.814000129699707"
"2017-03-26 15:57:56.246" , "0.3059999942779541" , "5.209000110626221" , "8.27400016784668"
"2017-03-26 15:57:56.451" , "0.765999972820282" , "5.36299991607666" , "7.9679999351501465"
"2017-03-26 15:57:56.647" , "0.6119999885559082" , "5.209000110626221" , "7.9679999351501465"
"2017-03-26 15:57:56.847" , "0.45899999141693115" , "5.209000110626221" , "8.121000289916992"
"2017-03-26 15:57:57.047" , "0.765999972820282" , "5.36299991607666" , "7.9679999351501465"
"2017-03-26 15:57:57.285" , "0.765999972820282" , "5.209000110626221" , "7.814000129699707"
"2017-03-26 15:57:57.455" , "0.765999972820282" , "5.36299991607666" , "8.27400016784668"
"2017-03-26 15:57:57.647" , "0.6119999885559082" , "5.209000110626221" , "7.9679999351501465"
"2017-03-26 15:57:57.846" , "0.9190000295639038" , "5.36299991607666" , "8.27400016784668"
"2017-03-26 15:57:58.047" , "0.45899999141693115" , "5.056000232696533" , "8.427000045776367"
"2017-03-26 15:57:58.247" , "0.765999972820282" , "5.209000110626221" , "8.121000289916992"
"2017-03-26 15:57:58.646" , "0.9190000295639038" , "5.209000110626221" , "8.121000289916992"
"2017-03-26 15:57:58.846" , "0.9190000295639038" , "5.056000232696533" , "8.27400016784668"
"2017-03-26 15:57:59.046" , "0.765999972820282" , "5.056000232696533" , "8.121000289916992"
"2017-03-26 15:57:59.246" , "0.9190000295639038" , "5.209000110626221" , "8.27400016784668"
"2017-03-26 15:57:59.462" , "0.765999972820282" , "5.056000232696533" , "7.9679999351501465"
"2017-03-26 15:57:59.647" , "0.9190000295639038" , "5.209000110626221" , "8.27400016784668"
"2017-03-26 15:57:59.847" , "0.765999972820282" , "5.056000232696533" , "8.121000289916992"
"2017-03-26 15:58:00.056" , "1.0720000267028809" , "5.056000232696533" , "8.121000289916992"
"2017-03-26 15:58:00.246" , "0.9190000295639038" , "5.056000232696533" , "8.121000289916992"
"2017-03-26 15:58:00.451" , "0.9190000295639038" , "4.9029998779296875" , "8.121000289916992"
"2017-03-26 15:58:00.646" , "1.0720000267028809" , "5.056000232696533" , "8.581000328063965"
"2017-03-26 15:58:00.846" , "0.9190000295639038" , "5.056000232696533" , "7.9679999351501465"
"2017-03-26 15:58:01.046" , "0.9190000295639038" , "4.9029998779296875" , "8.27400016784668"
"2017-03-26 15:58:01.246" , "0.765999972820282" , "5.056000232696533" , "8.27400016784668"
"2017-03-26 15:58:01.453" , "0.9190000295639038" , "4.9029998779296875" , "8.121000289916992"
"2017-03-26 15:58:01.647" , "0.9190000295639038" , "4.9029998779296875" , "8.427000045776367"
"2017-03-26 15:58:01.846" , "1.0720000267028809" , "4.9029998779296875" , "8.121000289916992"
"2017-03-26 15:58:02.046" , "0.9190000295639038" , "4.9029998779296875" , "8.121000289916992"
"2017-03-26 15:58:02.246" , "0.9190000295639038" , "4.75" , "8.27400016784668"
"2017-03-26 15:58:02.451" , "1.0720000267028809" , "4.9029998779296875" , "8.27400016784668"
"2017-03-26 15:58:02.646" , "0.765999972820282" , "4.75" , "8.121000289916992"
"2017-03-26 15:58:02.846" , "0.9190000295639038" , "5.056000232696533" , "8.121000289916992"
"2017-03-26 15:58:03.048" , "0.765999972820282" , "4.75" , "8.121000289916992"
"2017-03-26 15:58:03.247" , "1.0720000267028809" , "4.9029998779296875" , "8.121000289916992"
"2017-03-26 15:58:03.452" , "0.9190000295639038" , "5.056000232696533" , "8.27400016784668"
"2017-03-26 15:58:03.647" , "0.765999972820282" , "5.056000232696533" , "8.27400016784668"
"2017-03-26 15:58:03.847" , "0.9190000295639038" , "4.9029998779296875" , "8.121000289916992"
"2017-03-26 15:58:04.047" , "1.0720000267028809" , "5.056000232696533" , "8.121000289916992"
"2017-03-26 15:58:04.247" , "0.765999972820282" , "4.75" , "8.427000045776367"
"2017-03-26 15:58:04.456" , "1.0720000267028809" , "4.9029998779296875" , "8.27400016784668"
"2017-03-26 15:58:04.649" , "0.9190000295639038" , "4.75" , "8.427000045776367"
"2017-03-26 15:58:04.848" , "1.225000023841858" , "4.9029998779296875" , "8.27400016784668"
"2017-03-26 15:58:05.048" , "0.765999972820282" , "4.5970001220703125" , "8.427000045776367"
"2017-03-26 15:58:05.248" , "1.225000023841858" , "4.9029998779296875" , "8.121000289916992"
"2017-03-26 15:58:05.452" , "0.9190000295639038" , "4.75" , "8.427000045776367"
"2017-03-26 15:58:05.668" , "0.9190000295639038" , "4.9029998779296875" , "8.427000045776367"
"2017-03-26 15:58:05.846" , "1.0720000267028809" , "4.75" , "8.27400016784668"
"2017-03-26 15:58:06.048" , "0.9190000295639038" , "4.75" , "8.27400016784668"
"2017-03-26 15:58:06.248" , "1.0720000267028809" , "4.9029998779296875" , "8.27400016784668"
"2017-03-26 15:58:06.648" , "0.9190000295639038" , "4.75" , "8.27400016784668"
"2017-03-26 15:58:06.848" , "1.0720000267028809" , "4.75" , "8.27400016784668"
"2017-03-26 15:58:07.047" , "1.0720000267028809" , "4.9029998779296875" , "8.27400016784668"
"2017-03-26 15:58:07.317" , "1.0720000267028809" , "4.9029998779296875" , "8.427000045776367"
"2017-03-26 15:58:07.451" , "0.9190000295639038" , "4.75" , "8.27400016784668"
"2017-03-26 15:58:07.646" , "1.0720000267028809" , "4.9029998779296875" , "8.27400016784668"
"2017-03-26 15:58:07.846" , "1.0720000267028809" , "4.9029998779296875" , "8.121000289916992"
"2017-03-26 15:58:08.053" , "0.9190000295639038" , "4.9029998779296875" , "8.121000289916992"
"2017-03-26 15:58:08.246" , "1.0720000267028809" , "4.9029998779296875" , "8.27400016784668"
"2017-03-26 15:58:08.451" , "1.0720000267028809" , "5.056000232696533" , "8.27400016784668"
"2017-03-26 15:58:08.699" , "0.9190000295639038" , "4.9029998779296875" , "8.27400016784668"
"2017-03-26 15:58:08.846" , "0.9190000295639038" , "5.056000232696533" , "8.121000289916992"
"2017-03-26 15:58:09.046" , "0.765999972820282" , "4.9029998779296875" , "8.121000289916992"
"2017-03-26 15:58:09.246" , "0.9190000295639038" , "5.056000232696533" , "8.121000289916992"
"2017-03-26 15:58:09.451" , "0.765999972820282" , "4.9029998779296875" , "8.27400016784668"
"2017-03-26 15:58:09.652" , "0.765999972820282" , "5.056000232696533" , "8.121000289916992"
"2017-03-26 15:58:09.851" , "0.765999972820282" , "5.056000232696533" , "8.427000045776367"
"2017-03-26 15:58:10.115" , "0.765999972820282" , "5.056000232696533" , "8.27400016784668"
"2017-03-26 15:58:10.253" , "0.9190000295639038" , "5.056000232696533" , "8.121000289916992"
"2017-03-26 15:58:10.452" , "0.765999972820282" , "5.056000232696533" , "8.121000289916992"
"2017-03-26 15:58:10.647" , "0.765999972820282" , "5.056000232696533" , "8.27400016784668"
"2017-03-26 15:58:10.847" , "0.6119999885559082" , "4.9029998779296875" , "8.27400016784668"
"2017-03-26 15:58:11.259" , "0.765999972820282" , "4.9029998779296875" , "8.427000045776367"
"2017-03-26 15:58:11.601" , "0.6119999885559082" , "4.9029998779296875" , "7.9679999351501465"
"2017-03-26 15:58:11.650" , "0.6119999885559082" , "5.056000232696533" , "8.121000289916992"
"2017-03-26 15:58:11.847" , "0.6119999885559082" , "5.056000232696533" , "8.427000045776367"
"2017-03-26 15:58:12.047" , "0.45899999141693115" , "5.056000232696533" , "8.581000328063965"
"2017-03-26 15:58:12.252" , "-0.15299999713897705" , "5.056000232696533" , "8.121000289916992"
"2017-03-26 15:58:12.453" , "-0.45899999141693115" , "4.9029998779296875" , "8.427000045776367"
"2017-03-26 15:58:12.646" , "-0.6119999885559082" , "4.9029998779296875" , "8.427000045776367"
"2017-03-26 15:58:12.846" , "0.15299999713897705" , "4.289999961853027" , "9.5"
"2017-03-26 15:58:13.048" , "-0.15299999713897705" , "4.13700008392334" , "8.734000205993652"
"2017-03-26 15:58:13.246" , "-0.6119999885559082" , "4.13700008392334" , "8.88700008392334"
"2017-03-26 15:58:13.452" , "-0.45899999141693115" , "4.5970001220703125" , "8.27400016784668"
"2017-03-26 15:58:13.646" , "2.1449999809265137" , "5.056000232696533" , "7.814000129699707"
"2017-03-26 15:58:13.846" , "0.3059999942779541" , "4.75" , "7.202000141143799"
"2017-03-26 15:58:14.046" , "0.15299999713897705" , "4.13700008392334" , "5.515999794006348"
"2017-03-26 15:58:14.247" , "0.765999972820282" , "3.063999891281128" , "5.515999794006348"
"2017-03-26 15:58:14.455" , "-4.5970001220703125" , "2.4509999752044678" , "13.484000205993652"
"2017-03-26 15:58:14.646" , "-3.5239999294281006" , "0.15299999713897705" , "10.265999794006348"
"2017-03-26 15:58:14.846" , "11.491999626159668" , "7.9679999351501465" , "9.652999877929688"
"2017-03-26 15:58:15.046" , "-1.531999945640564" , "0.765999972820282" , "8.581000328063965"
"2017-03-26 15:58:15.246" , "-0.3059999942779541" , "1.0720000267028809" , "10.265999794006348"
"2017-03-26 15:58:15.452" , "-0.3059999942779541" , "1.225000023841858" , "9.652999877929688"
"2017-03-26 15:58:15.646" , "-0.6119999885559082" , "1.8380000591278076" , "9.652999877929688"
"2017-03-26 15:58:15.856" , "-1.8380000591278076" , "1.0720000267028809" , "9.960000038146973"
"2017-03-26 15:58:16.047" , "-0.15299999713897705" , "1.684999942779541" , "9.960000038146973"
"2017-03-26 15:58:16.246" , "0.45899999141693115" , "2.4509999752044678" , "8.88700008392334"
"2017-03-26 15:58:16.452" , "0.9190000295639038" , "2.9110000133514404" , "9.039999961853027"
"2017-03-26 15:58:16.646" , "0.6119999885559082" , "2.2980000972747803" , "9.039999961853027"
"2017-03-26 15:58:16.846" , "0.15299999713897705" , "0.45899999141693115" , "8.427000045776367"
"2017-03-26 15:58:17.046" , "0.9190000295639038" , "-0.45899999141693115" , "9.039999961853027"
"2017-03-26 15:58:17.325" , "2.1449999809265137" , "-0.15299999713897705" , "11.645000457763672"
"2017-03-26 15:58:17.454" , "-3.063999891281128" , "3.2170000076293945" , "5.209000110626221"
"2017-03-26 15:58:17.647" , "-0.3059999942779541" , "2.757999897003174" , "8.581000328063965"
"2017-03-26 15:58:17.847" , "-0.45899999141693115" , "2.4509999752044678" , "7.202000141143799"
"2017-03-26 15:58:18.069" , "3.677000045776367" , "-1.0720000267028809" , "9.194000244140625"
"2017-03-26 15:58:18.247" , "3.677000045776367" , "-0.45899999141693115" , "8.88700008392334"
"2017-03-26 15:58:18.453" , "1.0720000267028809" , "0.3059999942779541" , "9.652999877929688"
"2017-03-26 15:58:18.660" , "-0.15299999713897705" , "0.45899999141693115" , "9.194000244140625"
"2017-03-26 15:58:18.848" , "-0.3059999942779541" , "0.45899999141693115" , "9.807000160217285"
"2017-03-26 15:58:19.069" , "-0.3059999942779541" , "0.3059999942779541" , "9.807000160217285"
"2017-03-26 15:58:19.253" , "-0.3059999942779541" , "0.45899999141693115" , "9.807000160217285"
"2017-03-26 15:58:33.453" , "-0.3059999942779541" , "0.6119999885559082" , "9.960000038146973"
"2017-03-26 15:58:33.646" , "-0.3059999942779541" , "0.45899999141693115" , "9.652999877929688"
"2017-03-26 15:58:33.857" , "-0.3059999942779541" , "0.45899999141693115" , "9.807000160217285"
"2017-03-26 15:58:34.049" , "-0.15299999713897705" , "0.45899999141693115" , "9.652999877929688"
"2017-03-26 15:58:34.248" , "0.0" , "0.15299999713897705" , "9.807000160217285"
"2017-03-26 15:58:34.452" , "1.225000023841858" , "-0.15299999713897705" , "9.652999877929688"
"2017-03-26 15:58:34.648" , "1.684999942779541" , "-0.6119999885559082" , "9.5"
"2017-03-26 15:58:34.848" , "1.9919999837875366" , "0.6119999885559082" , "8.581000328063965"
"2017-03-26 15:58:35.047" , "2.1449999809265137" , "1.225000023841858" , "9.5"
"2017-03-26 15:58:35.318" , "-4.5970001220703125" , "3.2170000076293945" , "13.02400016784668"
"2017-03-26 15:58:35.466" , "-1.531999945640564" , "3.371000051498413" , "8.88700008392334"
"2017-03-26 15:58:35.647" , "-4.442999839782715" , "2.9110000133514404" , "5.669000148773193"
"2017-03-26 15:58:35.847" , "-5.056000232696533" , "1.9919999837875366" , "5.056000232696533"
"2017-03-26 15:58:36.046" , "-3.2170000076293945" , "0.0" , "7.814000129699707"
"2017-03-26 15:58:36.284" , "0.3059999942779541" , "3.677000045776367" , "9.039999961853027"
"2017-03-26 15:58:36.475" , "-1.225000023841858" , "5.209000110626221" , "7.660999774932861"
"2017-03-26 15:58:36.647" , "-0.45899999141693115" , "5.97599983215332" , "7.202000141143799"
"2017-03-26 15:58:36.846" , "0.0" , "5.97599983215332" , "7.355000019073486"
"2017-03-26 15:58:37.047" , "-0.45899999141693115" , "5.36299991607666" , "9.039999961853027"
"2017-03-26 15:58:37.246" , "0.15299999713897705" , "5.515999794006348" , "7.355000019073486"
"2017-03-26 15:58:37.471" , "-1.684999942779541" , "4.5970001220703125" , "8.27400016784668"
"2017-03-26 15:58:37.648" , "-1.378999948501587" , "4.9029998779296875" , "8.427000045776367"
"2017-03-26 15:58:37.847" , "-0.765999972820282" , "5.056000232696533" , "8.581000328063965"
"2017-03-26 15:58:38.068" , "0.0" , "4.9029998779296875" , "7.660999774932861"
"2017-03-26 15:58:38.247" , "-0.3059999942779541" , "4.5970001220703125" , "8.121000289916992"
"2017-03-26 15:58:38.465" , "-0.45899999141693115" , "4.75" , "9.039999961853027"
"2017-03-26 15:58:38.646" , "-0.15299999713897705" , "4.9029998779296875" , "8.121000289916992"
"2017-03-26 15:58:38.846" , "-0.6119999885559082" , "4.75" , "8.121000289916992"
"2017-03-26 15:58:39.046" , "-1.0720000267028809" , "5.209000110626221" , "8.88700008392334"
"2017-03-26 15:58:39.246" , "-1.8380000591278076" , "5.36299991607666" , "11.95199966430664"
"2017-03-26 15:58:39.499" , "-1.531999945640564" , "3.9839999675750732" , "12.104999542236328"
"2017-03-26 15:58:39.648" , "-1.531999945640564" , "3.2170000076293945" , "7.507999897003174"
"2017-03-26 15:58:39.847" , "-0.3059999942779541" , "3.5239999294281006" , "6.129000186920166"
"2017-03-26 15:58:40.046" , "-0.765999972820282" , "7.355000019073486" , "5.056000232696533"
"2017-03-26 15:58:40.249" , "-2.9110000133514404" , "4.75" , "8.121000289916992"
"2017-03-26 15:58:40.452" , "-1.684999942779541" , "6.129000186920166" , "7.355000019073486"
"2017-03-26 15:58:40.646" , "-0.9190000295639038" , "5.515999794006348" , "8.27400016784668"
"2017-03-26 15:58:40.846" , "-0.15299999713897705" , "7.355000019073486" , "6.129000186920166"
"2017-03-26 15:58:41.053" , "0.15299999713897705" , "6.129000186920166" , "6.742000102996826"
"2017-03-26 15:58:41.246" , "-1.531999945640564" , "6.894999980926514" , "7.660999774932861"
"2017-03-26 15:58:41.453" , "-0.9190000295639038" , "6.129000186920166" , "7.202000141143799"
"2017-03-26 15:58:41.646" , "-1.378999948501587" , "6.742000102996826" , "6.742000102996826"
"2017-03-26 15:58:41.846" , "-0.45899999141693115" , "5.515999794006348" , "7.814000129699707"
"2017-03-26 15:58:42.046" , "-0.765999972820282" , "5.97599983215332" , "5.209000110626221"
"2017-03-26 15:58:42.247" , "-0.45899999141693115" , "6.2820000648498535" , "8.27400016784668"
"2017-03-26 15:58:42.504" , "-1.9919999837875366" , "5.36299991607666" , "7.9679999351501465"
"2017-03-26 15:58:42.646" , "-0.765999972820282" , "5.97599983215332" , "8.121000289916992"
"2017-03-26 15:58:42.846" , "-1.684999942779541" , "5.515999794006348" , "7.9679999351501465"
"2017-03-26 15:58:43.046" , "-1.225000023841858" , "6.129000186920166" , "7.507999897003174"
"2017-03-26 15:58:43.249" , "-1.531999945640564" , "5.822000026702881" , "7.507999897003174"
"2017-03-26 15:58:43.451" , "-1.0720000267028809" , "5.669000148773193" , "7.9679999351501465"
"2017-03-26 15:58:43.812" , "-1.0720000267028809" , "5.36299991607666" , "8.734000205993652"
"2017-03-26 15:58:43.848" , "-0.6119999885559082" , "5.669000148773193" , "7.507999897003174"
"2017-03-26 15:58:44.047" , "-1.378999948501587" , "5.515999794006348" , "7.660999774932861"
"2017-03-26 15:58:44.246" , "-1.0720000267028809" , "5.515999794006348" , "8.427000045776367"
"2017-03-26 15:58:44.452" , "-1.378999948501587" , "5.36299991607666" , "7.507999897003174"
"2017-03-26 15:58:44.646" , "-1.225000023841858" , "5.515999794006348" , "8.427000045776367"
"2017-03-26 15:58:44.846" , "-1.225000023841858" , "5.515999794006348" , "7.355000019073486"
"2017-03-26 15:58:45.046" , "-1.225000023841858" , "5.515999794006348" , "8.581000328063965"
"2017-03-26 15:58:45.295" , "-1.378999948501587" , "5.36299991607666" , "7.9679999351501465"
"2017-03-26 15:58:45.476" , "-0.9190000295639038" , "5.36299991607666" , "8.121000289916992"
"2017-03-26 15:58:45.658" , "-1.225000023841858" , "5.515999794006348" , "7.660999774932861"
"2017-03-26 15:58:45.860" , "-0.9190000295639038" , "5.669000148773193" , "8.27400016784668"
"2017-03-26 15:58:46.050" , "-1.378999948501587" , "5.669000148773193" , "7.660999774932861"
"2017-03-26 15:58:46.247" , "-1.225000023841858" , "5.822000026702881" , "7.660999774932861"
"2017-03-26 15:58:46.453" , "-1.0720000267028809" , "5.822000026702881" , "7.814000129699707"
"2017-03-26 15:58:46.709" , "-1.225000023841858" , "5.822000026702881" , "7.660999774932861"
"2017-03-26 15:58:46.849" , "-1.0720000267028809" , "5.822000026702881" , "7.9679999351501465"
"2017-03-26 15:58:47.056" , "-1.378999948501587" , "5.822000026702881" , "7.660999774932861"
"2017-03-26 15:58:47.255" , "-1.225000023841858" , "5.822000026702881" , "7.814000129699707"
"2017-03-26 15:58:47.453" , "-1.225000023841858" , "5.822000026702881" , "7.660999774932861"
"2017-03-26 15:58:47.648" , "-1.378999948501587" , "5.669000148773193" , "7.660999774932861"
"2017-03-26 15:58:47.854" , "-1.225000023841858" , "5.822000026702881" , "7.9679999351501465"
"2017-03-26 15:58:48.049" , "-0.9190000295639038" , "6.129000186920166" , "7.355000019073486"
"2017-03-26 15:58:48.266" , "-1.0720000267028809" , "6.2820000648498535" , "7.507999897003174"
"2017-03-26 15:58:48.458" , "-0.9190000295639038" , "6.589000225067139" , "7.202000141143799"
"2017-03-26 15:58:48.647" , "-1.225000023841858" , "6.434999942779541" , "7.202000141143799"
"2017-03-26 15:58:48.846" , "-1.0720000267028809" , "6.2820000648498535" , "7.507999897003174"
"2017-03-26 15:58:49.046" , "-1.0720000267028809" , "6.129000186920166" , "7.355000019073486"
"2017-03-26 15:58:49.246" , "-1.225000023841858" , "5.97599983215332" , "7.660999774932861"
"2017-03-26 15:58:49.453" , "-1.225000023841858" , "5.97599983215332" , "7.814000129699707"
"2017-03-26 15:58:49.648" , "-1.0720000267028809" , "6.742000102996826" , "6.894999980926514"
"2017-03-26 15:58:49.847" , "-1.225000023841858" , "6.129000186920166" , "7.660999774932861"
"2017-03-26 15:58:50.049" , "-1.378999948501587" , "5.97599983215332" , "7.507999897003174"
"2017-03-26 15:58:50.250" , "-1.0720000267028809" , "6.434999942779541" , "7.355000019073486"
"2017-03-26 15:58:50.469" , "-1.0720000267028809" , "6.589000225067139" , "7.047999858856201"
"2017-03-26 15:58:50.646" , "-0.765999972820282" , "6.894999980926514" , "6.742000102996826"
"2017-03-26 15:58:50.846" , "-1.531999945640564" , "6.129000186920166" , "7.507999897003174"
"2017-03-26 15:58:51.046" , "-1.378999948501587" , "5.97599983215332" , "7.660999774932861"
"2017-03-26 15:58:51.250" , "-1.378999948501587" , "5.97599983215332" , "7.507999897003174"
"2017-03-26 15:58:51.458" , "-1.225000023841858" , "5.97599983215332" , "7.814000129699707"
"2017-03-26 15:58:51.650" , "-1.0720000267028809" , "5.97599983215332" , "7.507999897003174"
"2017-03-26 15:58:51.850" , "-1.0720000267028809" , "5.97599983215332" , "7.660999774932861"
"2017-03-26 15:58:52.050" , "-1.0720000267028809" , "5.822000026702881" , "7.660999774932861"
"2017-03-26 15:58:52.246" , "-0.9190000295639038" , "6.129000186920166" , "7.507999897003174"
"2017-03-26 15:58:52.451" , "-1.0720000267028809" , "5.822000026702881" , "7.814000129699707"
"2017-03-26 15:58:52.650" , "-1.378999948501587" , "5.36299991607666" , "7.9679999351501465"
"2017-03-26 15:58:52.850" , "-1.225000023841858" , "5.515999794006348" , "8.121000289916992"
"2017-03-26 15:58:53.051" , "-1.225000023841858" , "5.822000026702881" , "7.355000019073486"
"2017-03-26 15:58:53.246" , "-1.0720000267028809" , "5.97599983215332" , "7.814000129699707"
"2017-03-26 15:58:53.458" , "-1.378999948501587" , "5.669000148773193" , "7.814000129699707"
"2017-03-26 15:58:53.652" , "-1.225000023841858" , "5.515999794006348" , "7.9679999351501465"
"2017-03-26 15:58:53.850" , "-1.378999948501587" , "5.515999794006348" , "7.355000019073486"
"2017-03-26 15:58:54.053" , "-1.378999948501587" , "5.209000110626221" , "8.88700008392334"
"2017-03-26 15:58:54.252" , "-0.765999972820282" , "5.822000026702881" , "7.814000129699707"
"2017-03-26 15:58:54.466" , "-0.9190000295639038" , "6.129000186920166" , "7.660999774932861"
"2017-03-26 15:58:54.646" , "-1.225000023841858" , "6.129000186920166" , "7.202000141143799"
"2017-03-26 15:58:54.851" , "-1.225000023841858" , "5.97599983215332" , "7.660999774932861"
"2017-03-26 15:58:55.051" , "-1.0720000267028809" , "5.056000232696533" , "8.427000045776367"
"2017-03-26 15:58:55.251" , "-1.531999945640564" , "4.289999961853027" , "9.194000244140625"
"2017-03-26 15:58:55.500" , "-1.0720000267028809" , "5.36299991607666" , "7.660999774932861"
"2017-03-26 15:58:55.651" , "-0.9190000295639038" , "6.2820000648498535" , "7.047999858856201"
"2017-03-26 15:58:55.849" , "-1.225000023841858" , "5.97599983215332" , "7.660999774932861"
"2017-03-26 15:58:56.050" , "-1.531999945640564" , "5.36299991607666" , "7.9679999351501465"
"2017-03-26 15:58:56.249" , "-1.684999942779541" , "5.36299991607666" , "7.9679999351501465"
"2017-03-26 15:58:56.468" , "-1.378999948501587" , "5.97599983215332" , "7.507999897003174"
"2017-03-26 15:58:56.650" , "-1.225000023841858" , "5.822000026702881" , "7.814000129699707"
"2017-03-26 15:58:56.850" , "-1.225000023841858" , "5.669000148773193" , "7.814000129699707"
"2017-03-26 15:58:57.067" , "-1.0720000267028809" , "5.669000148773193" , "7.9679999351501465"
"2017-03-26 15:58:57.261" , "-1.225000023841858" , "5.669000148773193" , "7.660999774932861"
"2017-03-26 15:58:57.452" , "-1.378999948501587" , "5.822000026702881" , "7.814000129699707"
"2017-03-26 15:58:57.646" , "-1.225000023841858" , "6.129000186920166" , "7.507999897003174"
"2017-03-26 15:58:57.846" , "-1.225000023841858" , "5.822000026702881" , "7.202000141143799"
"2017-03-26 15:58:58.047" , "-0.9190000295639038" , "6.129000186920166" , "7.660999774932861"
"2017-03-26 15:58:58.246" , "-1.0720000267028809" , "5.669000148773193" , "7.9679999351501465"
"2017-03-26 15:58:58.453" , "-0.9190000295639038" , "5.669000148773193" , "7.660999774932861"
"2017-03-26 15:58:58.706" , "-1.0720000267028809" , "5.515999794006348" , "8.27400016784668"
"2017-03-26 15:58:58.846" , "-0.9190000295639038" , "5.515999794006348" , "7.9679999351501465"
"2017-03-26 15:58:59.054" , "-1.0720000267028809" , "5.515999794006348" , "7.814000129699707"
"2017-03-26 15:58:59.249" , "-0.9190000295639038" , "5.669000148773193" , "7.660999774932861"
"2017-03-26 15:58:59.454" , "-1.378999948501587" , "5.515999794006348" , "8.121000289916992"
"2017-03-26 15:58:59.647" , "-1.225000023841858" , "5.36299991607666" , "7.9679999351501465"
"2017-03-26 15:58:59.846" , "-1.225000023841858" , "5.36299991607666" , "8.121000289916992"
"2017-03-26 15:59:00.086" , "-1.225000023841858" , "4.75" , "8.734000205993652"
"2017-03-26 15:59:00.247" , "-1.225000023841858" , "4.5970001220703125" , "8.27400016784668"
"2017-03-26 15:59:00.472" , "-1.0720000267028809" , "4.75" , "8.581000328063965"
"2017-03-26 15:59:00.647" , "-1.225000023841858" , "4.75" , "8.427000045776367"
"2017-03-26 15:59:00.847" , "-1.225000023841858" , "4.75" , "8.27400016784668"
"2017-03-26 15:59:01.047" , "-1.225000023841858" , "4.75" , "8.427000045776367"
"2017-03-26 15:59:01.247" , "-1.0720000267028809" , "4.75" , "8.427000045776367"
"2017-03-26 15:59:01.546" , "-0.9190000295639038" , "4.9029998779296875" , "8.427000045776367"
"2017-03-26 15:59:01.646" , "-0.9190000295639038" , "4.75" , "8.427000045776367"
"2017-03-26 15:59:01.847" , "-0.765999972820282" , "4.9029998779296875" , "8.734000205993652"
"2017-03-26 15:59:02.049" , "-0.9190000295639038" , "5.209000110626221" , "8.427000045776367"
"2017-03-26 15:59:02.246" , "-0.45899999141693115" , "5.822000026702881" , "7.814000129699707"
"2017-03-26 15:59:02.465" , "-0.6119999885559082" , "5.822000026702881" , "7.814000129699707"
"2017-03-26 15:59:02.646" , "-0.45899999141693115" , "5.669000148773193" , "7.814000129699707"
"2017-03-26 15:59:02.932" , "-0.6119999885559082" , "5.515999794006348" , "7.9679999351501465"
"2017-03-26 15:59:03.050" , "-0.45899999141693115" , "5.669000148773193" , "7.660999774932861"
"2017-03-26 15:59:03.249" , "-0.765999972820282" , "5.209000110626221" , "8.121000289916992"
"2017-03-26 15:59:03.456" , "-0.45899999141693115" , "5.209000110626221" , "8.27400016784668"
"2017-03-26 15:59:03.646" , "-0.45899999141693115" , "5.056000232696533" , "8.27400016784668"
"2017-03-26 15:59:03.847" , "-0.45899999141693115" , "5.209000110626221" , "8.427000045776367"
"2017-03-26 15:59:04.052" , "-0.6119999885559082" , "5.056000232696533" , "8.121000289916992"
"2017-03-26 15:59:04.304" , "-0.3059999942779541" , "5.515999794006348" , "8.121000289916992"
"2017-03-26 15:59:04.468" , "-0.45899999141693115" , "5.056000232696533" , "8.121000289916992"
"2017-03-26 15:59:04.650" , "-0.3059999942779541" , "4.9029998779296875" , "8.581000328063965"
"2017-03-26 15:59:04.857" , "-0.3059999942779541" , "5.056000232696533" , "8.121000289916992"
"2017-03-26 15:59:05.057" , "-0.765999972820282" , "4.9029998779296875" , "8.581000328063965"
"2017-03-26 15:59:05.250" , "-0.6119999885559082" , "5.515999794006348" , "7.9679999351501465"
"2017-03-26 15:59:05.549" , "-0.15299999713897705" , "5.36299991607666" , "7.814000129699707"
"2017-03-26 15:59:05.648" , "-0.6119999885559082" , "5.36299991607666" , "7.9679999351501465"
"2017-03-26 15:59:06.048" , "-0.3059999942779541" , "5.209000110626221" , "8.121000289916992"
"2017-03-26 15:59:06.248" , "-0.15299999713897705" , "4.9029998779296875" , "7.355000019073486"
"2017-03-26 15:59:06.453" , "-1.225000023841858" , "3.371000051498413" , "8.734000205993652"
"2017-03-26 15:59:06.647" , "-0.15299999713897705" , "3.2170000076293945" , "5.97599983215332"
"2017-03-26 15:59:06.859" , "-1.378999948501587" , "3.8299999237060547" , "5.209000110626221"
"2017-03-26 15:59:07.050" , "-2.757999897003174" , "4.442999839782715" , "6.434999942779541"
"2017-03-26 15:59:07.248" , "-6.589000225067139" , "-1.531999945640564" , "14.86299991607666"
"2017-03-26 15:59:07.453" , "0.3059999942779541" , "1.531999945640564" , "-17.16200065612793"
"2017-03-26 15:59:07.654" , "-0.45899999141693115" , "1.9919999837875366" , "7.355000019073486"
"2017-03-26 15:59:07.856" , "0.9190000295639038" , "0.765999972820282" , "10.11299991607666"
"2017-03-26 15:59:08.047" , "-0.6119999885559082" , "0.15299999713897705" , "8.121000289916992"
"2017-03-26 15:59:08.274" , "0.45899999141693115" , "0.765999972820282" , "9.347000122070313"
"2017-03-26 15:59:08.472" , "0.3059999942779541" , "2.2980000972747803" , "8.121000289916992"
"2017-03-26 15:59:08.647" , "0.3059999942779541" , "2.757999897003174" , "9.194000244140625"
"2017-03-26 15:59:08.847" , "0.6119999885559082" , "2.757999897003174" , "9.652999877929688"
"2017-03-26 15:59:09.050" , "0.6119999885559082" , "3.063999891281128" , "8.88700008392334"
"2017-03-26 15:59:09.248" , "0.0" , "2.4509999752044678" , "9.807000160217285"
"2017-03-26 15:59:09.471" , "2.1449999809265137" , "-0.3059999942779541" , "7.9679999351501465"
"2017-03-26 15:59:09.646" , "0.45899999141693115" , "-1.378999948501587" , "7.355000019073486"
"2017-03-26 15:59:09.884" , "2.2980000972747803" , "-0.765999972820282" , "9.5"
"2017-03-26 15:59:10.046" , "-1.378999948501587" , "0.45899999141693115" , "9.807000160217285"
"2017-03-26 15:59:10.247" , "-0.45899999141693115" , "0.3059999942779541" , "9.807000160217285"
"2017-03-26 15:59:13.454" , "-0.6119999885559082" , "0.3059999942779541" , "9.652999877929688"
"2017-03-26 15:59:13.649" , "0.0" , "-0.45899999141693115" , "9.652999877929688"
"2017-03-26 15:59:13.847" , "4.442999839782715" , "0.765999972820282" , "13.484000205993652"
"2017-03-26 15:59:14.049" , "-1.225000023841858" , "1.531999945640564" , "14.86299991607666"
"2017-03-26 15:59:14.303" , "-1.684999942779541" , "4.9029998779296875" , "11.95199966430664"
"2017-03-26 15:59:14.453" , "-4.289999961853027" , "3.9839999675750732" , "1.531999945640564"
"2017-03-26 15:59:14.647" , "-5.36299991607666" , "2.4509999752044678" , "6.434999942779541"
"2017-03-26 15:59:14.851" , "-3.063999891281128" , "1.531999945640564" , "8.427000045776367"
"2017-03-26 15:59:15.075" , "-3.5239999294281006" , "1.8380000591278076" , "10.572999954223633"
"2017-03-26 15:59:15.248" , "-0.9190000295639038" , "3.677000045776367" , "7.047999858856201"
"2017-03-26 15:59:15.455" , "1.531999945640564" , "7.814000129699707" , "11.33899974822998"
"2017-03-26 15:59:15.707" , "-1.531999945640564" , "6.2820000648498535" , "10.265999794006348"
"2017-03-26 15:59:15.847" , "-1.225000023841858" , "3.371000051498413" , "6.2820000648498535"
"2017-03-26 15:59:16.046" , "-0.9190000295639038" , "4.289999961853027" , "7.202000141143799"
"2017-03-26 15:59:16.246" , "-0.6119999885559082" , "6.434999942779541" , "6.434999942779541"
"2017-03-26 15:59:16.452" , "0.15299999713897705" , "6.434999942779541" , "7.660999774932861"
"2017-03-26 15:59:16.646" , "-0.9190000295639038" , "6.434999942779541" , "6.894999980926514"
"2017-03-26 15:59:16.846" , "-1.378999948501587" , "5.515999794006348" , "7.202000141143799"
"2017-03-26 15:59:17.048" , "-1.378999948501587" , "4.289999961853027" , "3.371000051498413"
"2017-03-26 15:59:17.246" , "3.063999891281128" , "5.515999794006348" , "3.5239999294281006"
"2017-03-26 15:59:17.464" , "7.355000019073486" , "8.27400016784668" , "2.757999897003174"
"2017-03-26 15:59:17.647" , "10.572999954223633" , "5.669000148773193" , "8.427000045776367"
"2017-03-26 15:59:17.847" , "6.129000186920166" , "3.063999891281128" , "3.677000045776367"
"2017-03-26 15:59:18.046" , "-2.4509999752044678" , "-0.9190000295639038" , "12.104999542236328"
"2017-03-26 15:59:18.246" , "3.677000045776367" , "3.063999891281128" , "8.427000045776367"
"2017-03-26 15:59:18.489" , "2.757999897003174" , "4.442999839782715" , "8.27400016784668"
"2017-03-26 15:59:18.648" , "3.371000051498413" , "4.5970001220703125" , "7.047999858856201"
"2017-03-26 15:59:18.846" , "3.2170000076293945" , "3.8299999237060547" , "7.814000129699707"
"2017-03-26 15:59:19.048" , "2.9110000133514404" , "3.5239999294281006" , "8.88700008392334"
"2017-03-26 15:59:19.247" , "3.9839999675750732" , "3.9839999675750732" , "7.814000129699707"
"2017-03-26 15:59:19.452" , "4.5970001220703125" , "4.289999961853027" , "7.507999897003174"
"2017-03-26 15:59:19.647" , "5.056000232696533" , "4.13700008392334" , "5.97599983215332"
"2017-03-26 15:59:19.846" , "5.515999794006348" , "4.9029998779296875" , "5.209000110626221"
"2017-03-26 15:59:20.101" , "5.822000026702881" , "5.36299991607666" , "5.36299991607666"
"2017-03-26 15:59:20.247" , "5.97599983215332" , "5.209000110626221" , "4.5970001220703125"
"2017-03-26 15:59:20.452" , "5.822000026702881" , "4.9029998779296875" , "4.289999961853027"
"2017-03-26 15:59:20.646" , "6.894999980926514" , "4.5970001220703125" , "5.36299991607666"
"2017-03-26 15:59:20.846" , "6.589000225067139" , "4.9029998779296875" , "5.056000232696533"
"2017-03-26 15:59:21.047" , "6.129000186920166" , "4.442999839782715" , "4.9029998779296875"
"2017-03-26 15:59:21.246" , "6.742000102996826" , "4.5970001220703125" , "4.5970001220703125"
"2017-03-26 15:59:21.458" , "6.434999942779541" , "4.289999961853027" , "5.36299991607666"
"2017-03-26 15:59:21.846" , "6.129000186920166" , "4.13700008392334" , "5.97599983215332"
"2017-03-26 15:59:22.046" , "6.2820000648498535" , "5.056000232696533" , "4.9029998779296875"
"2017-03-26 15:59:22.246" , "5.515999794006348" , "5.669000148773193" , "5.056000232696533"
"2017-03-26 15:59:22.452" , "6.129000186920166" , "5.669000148773193" , "4.75"
"2017-03-26 15:59:22.646" , "5.822000026702881" , "4.9029998779296875" , "5.669000148773193"
"2017-03-26 15:59:22.847" , "5.822000026702881" , "4.442999839782715" , "5.669000148773193"
"2017-03-26 15:59:23.053" , "5.822000026702881" , "3.8299999237060547" , "7.660999774932861"
"2017-03-26 15:59:23.246" , "6.129000186920166" , "4.442999839782715" , "7.507999897003174"
"2017-03-26 15:59:23.452" , "6.894999980926514" , "4.75" , "3.677000045776367"
"2017-03-26 15:59:23.646" , "4.442999839782715" , "6.2820000648498535" , "4.289999961853027"
"2017-03-26 15:59:23.846" , "0.765999972820282" , "5.056000232696533" , "5.822000026702881"
"2017-03-26 15:59:24.046" , "-3.5239999294281006" , "5.056000232696533" , "7.814000129699707"
"2017-03-26 15:59:24.246" , "3.371000051498413" , "2.757999897003174" , "10.11299991607666"
"2017-03-26 15:59:24.456" , "3.677000045776367" , "1.225000023841858" , "15.015999794006348"
"2017-03-26 15:59:24.647" , "3.063999891281128" , "4.5970001220703125" , "11.185999870300293"
"2017-03-26 15:59:24.847" , "2.1449999809265137" , "3.8299999237060547" , "2.4509999752044678"
"2017-03-26 15:59:25.046" , "-1.531999945640564" , "6.742000102996826" , "3.677000045776367"
"2017-03-26 15:59:25.246" , "-0.765999972820282" , "6.129000186920166" , "5.97599983215332"
"2017-03-26 15:59:25.452" , "-0.9190000295639038" , "4.5970001220703125" , "6.894999980926514"
"2017-03-26 15:59:25.649" , "1.378999948501587" , "7.507999897003174" , "5.515999794006348"
"2017-03-26 15:59:25.846" , "0.765999972820282" , "6.742000102996826" , "4.75"
"2017-03-26 15:59:26.053" , "0.6119999885559082" , "6.2820000648498535" , "9.039999961853027"
"2017-03-26 15:59:26.248" , "0.45899999141693115" , "7.507999897003174" , "6.2820000648498535"
"2017-03-26 15:59:26.453" , "0.15299999713897705" , "5.36299991607666" , "9.960000038146973"
"2017-03-26 15:59:26.648" , "-0.3059999942779541" , "6.434999942779541" , "6.434999942779541"
"2017-03-26 15:59:26.849" , "-0.45899999141693115" , "6.129000186920166" , "7.9679999351501465"
"2017-03-26 15:59:27.048" , "0.3059999942779541" , "6.129000186920166" , "6.742000102996826"
"2017-03-26 15:59:27.309" , "-0.45899999141693115" , "6.129000186920166" , "8.121000289916992"
"2017-03-26 15:59:27.452" , "-0.3059999942779541" , "6.129000186920166" , "6.894999980926514"
"2017-03-26 15:59:27.646" , "0.15299999713897705" , "6.129000186920166" , "7.355000019073486"
"2017-03-26 15:59:27.846" , "-1.0720000267028809" , "5.515999794006348" , "4.9029998779296875"
"2017-03-26 15:59:28.047" , "-1.531999945640564" , "3.677000045776367" , "4.289999961853027"
"2017-03-26 15:59:28.246" , "-0.765999972820282" , "5.36299991607666" , "8.27400016784668"
"2017-03-26 15:59:28.453" , "-2.9110000133514404" , "3.371000051498413" , "11.031999588012695"
"2017-03-26 15:59:28.651" , "-0.9190000295639038" , "-16.548999786376953" , "-3.063999891281128"
"2017-03-26 15:59:28.849" , "-2.6040000915527344" , "3.677000045776367" , "-6.2820000648498535"
"2017-03-26 15:59:29.049" , "-1.0720000267028809" , "2.757999897003174" , "2.6040000915527344"
"2017-03-26 15:59:29.254" , "0.15299999713897705" , "2.1449999809265137" , "8.581000328063965"
"2017-03-26 15:59:29.453" , "0.3059999942779541" , "1.531999945640564" , "9.039999961853027"
"2017-03-26 15:59:29.648" , "2.6040000915527344" , "2.9110000133514404" , "8.88700008392334"
"2017-03-26 15:59:29.859" , "0.765999972820282" , "3.2170000076293945" , "8.27400016784668"
"2017-03-26 15:59:30.072" , "1.9919999837875366" , "3.677000045776367" , "8.88700008392334"
"2017-03-26 15:59:30.255" , "2.1449999809265137" , "4.13700008392334" , "8.88700008392334"
"2017-03-26 15:59:30.453" , "1.684999942779541" , "3.371000051498413" , "8.734000205993652"
"2017-03-26 15:59:30.648" , "1.0720000267028809" , "2.9110000133514404" , "9.039999961853027"
"2017-03-26 15:59:30.848" , "1.378999948501587" , "3.2170000076293945" , "9.039999961853027"
"2017-03-26 15:59:31.048" , "1.225000023841858" , "3.371000051498413" , "9.039999961853027"
"2017-03-26 15:59:31.252" , "1.225000023841858" , "3.5239999294281006" , "8.734000205993652"
"2017-03-26 15:59:31.452" , "1.225000023841858" , "3.5239999294281006" , "8.88700008392334"
"2017-03-26 15:59:31.670" , "1.0720000267028809" , "3.5239999294281006" , "9.039999961853027"
"2017-03-26 15:59:31.848" , "0.9190000295639038" , "3.5239999294281006" , "8.88700008392334"
"2017-03-26 15:59:32.048" , "1.0720000267028809" , "3.5239999294281006" , "9.039999961853027"
"2017-03-26 15:59:32.252" , "0.9190000295639038" , "3.371000051498413" , "8.88700008392334"
"2017-03-26 15:59:32.453" , "1.0720000267028809" , "3.371000051498413" , "9.039999961853027"
"2017-03-26 15:59:32.851" , "1.0720000267028809" , "3.5239999294281006" , "9.960000038146973"
"2017-03-26 15:59:33.121" , "0.9190000295639038" , "5.209000110626221" , "8.427000045776367"
"2017-03-26 15:59:33.253" , "0.3059999942779541" , "4.9029998779296875" , "8.427000045776367"
"2017-03-26 15:59:33.452" , "-0.3059999942779541" , "3.5239999294281006" , "9.652999877929688"
"2017-03-26 15:59:33.648" , "0.15299999713897705" , "3.371000051498413" , "9.039999961853027"
"2017-03-26 15:59:34.052" , "0.15299999713897705" , "3.5239999294281006" , "9.194000244140625"
"2017-03-26 15:59:34.251" , "0.3059999942779541" , "3.8299999237060547" , "8.88700008392334"
"2017-03-26 15:59:34.648" , "0.15299999713897705" , "3.9839999675750732" , "9.194000244140625"
"2017-03-26 15:59:34.848" , "-0.15299999713897705" , "3.8299999237060547" , "8.27400016784668"
"2017-03-26 15:59:35.048" , "0.15299999713897705" , "3.5239999294281006" , "8.88700008392334"
"2017-03-26 15:59:35.248" , "0.15299999713897705" , "3.677000045776367" , "9.347000122070313"
"2017-03-26 15:59:35.453" , "0.15299999713897705" , "4.13700008392334" , "8.427000045776367"
"2017-03-26 15:59:35.648" , "-0.6119999885559082" , "4.289999961853027" , "9.5"
"2017-03-26 15:59:35.846" , "-0.45899999141693115" , "3.677000045776367" , "8.581000328063965"
"2017-03-26 15:59:36.046" , "-0.3059999942779541" , "3.677000045776367" , "8.734000205993652"
"2017-03-26 15:59:36.248" , "-0.15299999713897705" , "3.5239999294281006" , "9.039999961853027"
"2017-03-26 15:59:36.646" , "0.0" , "3.371000051498413" , "9.194000244140625"
"2017-03-26 15:59:36.846" , "0.15299999713897705" , "3.2170000076293945" , "8.427000045776367"
"2017-03-26 15:59:37.046" , "0.45899999141693115" , "2.757999897003174" , "8.121000289916992"
"2017-03-26 15:59:37.276" , "-0.15299999713897705" , "1.378999948501587" , "10.11299991607666"
"2017-03-26 15:59:37.459" , "-0.45899999141693115" , "0.6119999885559082" , "10.11299991607666"
"2017-03-26 15:59:37.646" , "-0.45899999141693115" , "0.9190000295639038" , "8.734000205993652"
"2017-03-26 15:59:37.846" , "1.378999948501587" , "-1.8380000591278076" , "2.2980000972747803"
"2017-03-26 15:59:38.046" , "1.9919999837875366" , "-1.684999942779541" , "9.960000038146973"
"2017-03-26 15:59:38.247" , "-0.765999972820282" , "0.15299999713897705" , "9.5"
"2017-03-26 15:59:38.451" , "-0.45899999141693115" , "0.3059999942779541" , "9.807000160217285"
"2017-03-26 15:59:38.908" , "-0.6119999885559082" , "0.45899999141693115" , "9.807000160217285"
"2017-03-26 15:59:39.046" , "-0.45899999141693115" , "0.3059999942779541" , "9.807000160217285"
"2017-03-26 16:00:01.047" , "-0.6119999885559082" , "0.3059999942779541" , "9.807000160217285"
"2017-03-26 16:00:01.246" , "-0.765999972820282" , "0.3059999942779541" , "9.807000160217285"
"2017-03-26 16:00:01.454" , "-0.3059999942779541" , "0.45899999141693115" , "9.807000160217285"
"2017-03-26 16:00:01.649" , "2.757999897003174" , "-0.45899999141693115" , "9.347000122070313"
"2017-03-26 16:00:01.850" , "-1.0720000267028809" , "-3.677000045776367" , "11.491999626159668"
"2017-03-26 16:00:02.047" , "1.378999948501587" , "1.225000023841858" , "15.628999710083008"
"2017-03-26 16:00:02.252" , "-1.684999942779541" , "1.0720000267028809" , "9.960000038146973"
"2017-03-26 16:00:02.458" , "-7.814000129699707" , "1.225000023841858" , "4.442999839782715"
"2017-03-26 16:00:02.654" , "-4.13700008392334" , "1.9919999837875366" , "6.894999980926514"
"2017-03-26 16:00:02.869" , "-2.1449999809265137" , "3.8299999237060547" , "7.814000129699707"
"2017-03-26 16:00:03.068" , "-1.531999945640564" , "5.515999794006348" , "6.129000186920166"
"2017-03-26 16:00:03.252" , "-1.9919999837875366" , "7.814000129699707" , "5.669000148773193"
"2017-03-26 16:00:03.455" , "-3.2170000076293945" , "8.427000045776367" , "7.814000129699707"
"2017-03-26 16:00:03.652" , "-1.9919999837875366" , "9.039999961853027" , "7.814000129699707"
"2017-03-26 16:00:03.852" , "-0.3059999942779541" , "7.355000019073486" , "4.5970001220703125"
"2017-03-26 16:00:04.081" , "-1.378999948501587" , "6.2820000648498535" , "6.434999942779541"
"2017-03-26 16:00:04.248" , "-1.225000023841858" , "5.36299991607666" , "4.5970001220703125"
"2017-03-26 16:00:04.458" , "-1.0720000267028809" , "6.894999980926514" , "4.289999961853027"
"2017-03-26 16:00:04.658" , "-0.9190000295639038" , "8.27400016784668" , "6.434999942779541"
"2017-03-26 16:00:04.848" , "-1.225000023841858" , "7.047999858856201" , "5.515999794006348"
"2017-03-26 16:00:05.052" , "-0.9190000295639038" , "6.894999980926514" , "6.894999980926514"
"2017-03-26 16:00:05.247" , "0.0" , "7.355000019073486" , "6.434999942779541"
"2017-03-26 16:00:05.519" , "-1.8380000591278076" , "6.589000225067139" , "6.894999980926514"
"2017-03-26 16:00:05.648" , "-1.8380000591278076" , "6.434999942779541" , "6.589000225067139"
"2017-03-26 16:00:05.848" , "-1.378999948501587" , "6.589000225067139" , "7.202000141143799"
"2017-03-26 16:00:06.068" , "-0.45899999141693115" , "6.894999980926514" , "6.589000225067139"
"2017-03-26 16:00:06.257" , "0.0" , "7.047999858856201" , "6.589000225067139"
"2017-03-26 16:00:06.456" , "-1.378999948501587" , "6.589000225067139" , "6.894999980926514"
"2017-03-26 16:00:06.648" , "-0.9190000295639038" , "6.742000102996826" , "6.742000102996826"
"2017-03-26 16:00:06.920" , "-0.9190000295639038" , "6.742000102996826" , "6.894999980926514"
"2017-03-26 16:00:07.048" , "-0.6119999885559082" , "7.047999858856201" , "6.894999980926514"
"2017-03-26 16:00:07.248" , "-1.0720000267028809" , "6.742000102996826" , "6.742000102996826"
"2017-03-26 16:00:07.452" , "-0.9190000295639038" , "6.894999980926514" , "6.894999980926514"
"2017-03-26 16:00:07.656" , "-0.9190000295639038" , "6.742000102996826" , "7.047999858856201"
"2017-03-26 16:00:07.847" , "-1.0720000267028809" , "6.589000225067139" , "6.894999980926514"
"2017-03-26 16:00:08.049" , "-0.9190000295639038" , "6.742000102996826" , "7.047999858856201"
"2017-03-26 16:00:08.246" , "-1.0720000267028809" , "6.589000225067139" , "7.202000141143799"
"2017-03-26 16:00:08.464" , "-0.765999972820282" , "6.742000102996826" , "6.894999980926514"
"2017-03-26 16:00:08.647" , "-0.765999972820282" , "6.742000102996826" , "7.047999858856201"
"2017-03-26 16:00:08.847" , "-1.0720000267028809" , "6.589000225067139" , "7.047999858856201"
"2017-03-26 16:00:09.046" , "-0.9190000295639038" , "6.742000102996826" , "6.894999980926514"
"2017-03-26 16:00:09.247" , "-0.9190000295639038" , "6.589000225067139" , "6.742000102996826"
"2017-03-26 16:00:09.472" , "-0.765999972820282" , "6.894999980926514" , "7.047999858856201"
"2017-03-26 16:00:09.647" , "-0.9190000295639038" , "6.589000225067139" , "7.047999858856201"
"2017-03-26 16:00:09.846" , "-0.765999972820282" , "6.742000102996826" , "6.742000102996826"
"2017-03-26 16:00:10.048" , "-0.6119999885559082" , "6.742000102996826" , "7.202000141143799"
"2017-03-26 16:00:10.248" , "-0.6119999885559082" , "6.589000225067139" , "7.047999858856201"
"2017-03-26 16:00:10.452" , "-0.6119999885559082" , "6.742000102996826" , "7.047999858856201"
"2017-03-26 16:00:10.648" , "-0.9190000295639038" , "6.434999942779541" , "7.202000141143799"
"2017-03-26 16:00:10.855" , "-0.45899999141693115" , "6.742000102996826" , "7.047999858856201"
"2017-03-26 16:00:11.048" , "-0.765999972820282" , "6.589000225067139" , "7.202000141143799"
"2017-03-26 16:00:11.271" , "-0.9190000295639038" , "6.434999942779541" , "7.202000141143799"
"2017-03-26 16:00:11.452" , "-0.765999972820282" , "6.589000225067139" , "7.047999858856201"
"2017-03-26 16:00:11.856" , "-0.9190000295639038" , "6.589000225067139" , "7.202000141143799"
"2017-03-26 16:00:12.055" , "-0.9190000295639038" , "6.434999942779541" , "7.355000019073486"
"2017-03-26 16:00:12.255" , "-0.9190000295639038" , "6.434999942779541" , "7.202000141143799"
"2017-03-26 16:00:12.462" , "-1.0720000267028809" , "6.434999942779541" , "7.355000019073486"
"2017-03-26 16:00:12.719" , "-0.9190000295639038" , "6.434999942779541" , "7.202000141143799"
"2017-03-26 16:00:13.248" , "-1.0720000267028809" , "6.434999942779541" , "7.047999858856201"
"2017-03-26 16:00:13.452" , "-0.9190000295639038" , "6.434999942779541" , "7.047999858856201"
"2017-03-26 16:00:13.648" , "-0.9190000295639038" , "6.434999942779541" , "7.202000141143799"
"2017-03-26 16:00:13.851" , "-1.0720000267028809" , "6.434999942779541" , "7.202000141143799"
"2017-03-26 16:00:14.094" , "-0.9190000295639038" , "6.589000225067139" , "7.355000019073486"
"2017-03-26 16:00:14.255" , "-0.9190000295639038" , "6.434999942779541" , "7.202000141143799"
"2017-03-26 16:00:14.453" , "-0.765999972820282" , "6.434999942779541" , "7.355000019073486"
"2017-03-26 16:00:14.651" , "-0.765999972820282" , "6.434999942779541" , "7.202000141143799"
"2017-03-26 16:00:15.052" , "-0.765999972820282" , "6.2820000648498535" , "7.355000019073486"
"2017-03-26 16:00:15.251" , "-0.9190000295639038" , "6.434999942779541" , "7.355000019073486"
"2017-03-26 16:00:15.452" , "-0.765999972820282" , "6.589000225067139" , "7.202000141143799"
"2017-03-26 16:00:15.672" , "-0.9190000295639038" , "6.434999942779541" , "7.355000019073486"
"2017-03-26 16:00:15.848" , "-0.9190000295639038" , "6.589000225067139" , "7.355000019073486"
"2017-03-26 16:00:16.051" , "-1.0720000267028809" , "6.589000225067139" , "7.047999858856201"
"2017-03-26 16:00:16.251" , "-1.0720000267028809" , "6.434999942779541" , "7.202000141143799"
"2017-03-26 16:00:16.452" , "-1.0720000267028809" , "6.589000225067139" , "7.355000019073486"
"2017-03-26 16:00:16.647" , "-1.0720000267028809" , "6.589000225067139" , "7.047999858856201"
"2017-03-26 16:00:16.847" , "-1.0720000267028809" , "6.589000225067139" , "7.202000141143799"
"2017-03-26 16:00:17.070" , "-1.225000023841858" , "6.434999942779541" , "7.047999858856201"
"2017-03-26 16:00:17.248" , "-1.0720000267028809" , "6.434999942779541" , "7.047999858856201"
"2017-03-26 16:00:17.452" , "-0.9190000295639038" , "6.434999942779541" , "7.507999897003174"
"2017-03-26 16:00:17.647" , "-1.0720000267028809" , "6.2820000648498535" , "7.660999774932861"
"2017-03-26 16:00:17.851" , "-0.765999972820282" , "6.434999942779541" , "7.202000141143799"
"2017-03-26 16:00:18.052" , "-0.765999972820282" , "6.2820000648498535" , "7.202000141143799"
"2017-03-26 16:00:18.470" , "-0.6119999885559082" , "6.434999942779541" , "7.355000019073486"
"2017-03-26 16:00:18.647" , "-0.45899999141693115" , "6.434999942779541" , "7.202000141143799"
"2017-03-26 16:00:18.846" , "-0.6119999885559082" , "6.434999942779541" , "7.202000141143799"
"2017-03-26 16:00:19.049" , "-0.45899999141693115" , "6.589000225067139" , "7.047999858856201"
"2017-03-26 16:00:19.249" , "-0.6119999885559082" , "6.434999942779541" , "7.202000141143799"
"2017-03-26 16:00:19.482" , "-0.765999972820282" , "6.434999942779541" , "7.202000141143799"
"2017-03-26 16:00:19.649" , "-0.765999972820282" , "6.434999942779541" , "7.047999858856201"
"2017-03-26 16:00:19.887" , "-0.6119999885559082" , "6.589000225067139" , "7.202000141143799"
"2017-03-26 16:00:20.047" , "-0.765999972820282" , "6.589000225067139" , "7.202000141143799"
"2017-03-26 16:00:20.247" , "-1.0720000267028809" , "6.434999942779541" , "7.202000141143799"
"2017-03-26 16:00:20.473" , "-0.765999972820282" , "6.589000225067139" , "7.202000141143799"
"2017-03-26 16:00:20.649" , "-1.0720000267028809" , "6.434999942779541" , "7.202000141143799"
"2017-03-26 16:00:20.849" , "-0.9190000295639038" , "6.589000225067139" , "7.047999858856201"
"2017-03-26 16:00:21.646" , "-0.765999972820282" , "6.589000225067139" , "7.047999858856201"
"2017-03-26 16:00:21.846" , "-0.765999972820282" , "6.742000102996826" , "7.047999858856201"
"2017-03-26 16:00:22.047" , "-0.765999972820282" , "6.589000225067139" , "7.047999858856201"
"2017-03-26 16:00:22.452" , "-1.0720000267028809" , "6.589000225067139" , "7.047999858856201"
"2017-03-26 16:00:22.646" , "-0.9190000295639038" , "6.589000225067139" , "7.047999858856201"
"2017-03-26 16:00:22.878" , "-0.9190000295639038" , "6.589000225067139" , "7.202000141143799"
"2017-03-26 16:00:23.047" , "-0.765999972820282" , "6.589000225067139" , "7.202000141143799"
"2017-03-26 16:00:23.251" , "-1.225000023841858" , "6.434999942779541" , "7.202000141143799"
"2017-03-26 16:00:23.453" , "-0.45899999141693115" , "6.589000225067139" , "7.202000141143799"
"2017-03-26 16:00:23.650" , "-0.6119999885559082" , "6.2820000648498535" , "7.507999897003174"
"2017-03-26 16:00:23.850" , "-0.45899999141693115" , "6.2820000648498535" , "7.660999774932861"
"2017-03-26 16:00:24.050" , "-0.6119999885559082" , "6.434999942779541" , "7.202000141143799"
"2017-03-26 16:00:24.320" , "-0.765999972820282" , "6.434999942779541" , "7.507999897003174"
"2017-03-26 16:00:24.452" , "-0.6119999885559082" , "6.434999942779541" , "7.507999897003174"
"2017-03-26 16:00:24.648" , "-0.6119999885559082" , "6.434999942779541" , "7.047999858856201"
"2017-03-26 16:00:24.851" , "-0.45899999141693115" , "6.589000225067139" , "7.202000141143799"
"2017-03-26 16:00:25.050" , "-0.45899999141693115" , "6.434999942779541" , "7.355000019073486"
"2017-03-26 16:00:25.247" , "-0.45899999141693115" , "6.434999942779541" , "7.047999858856201"
"2017-03-26 16:00:25.452" , "-0.45899999141693115" , "6.589000225067139" , "7.202000141143799"
"2017-03-26 16:00:26.051" , "-0.45899999141693115" , "6.589000225067139" , "7.047999858856201"
"2017-03-26 16:00:26.246" , "-0.45899999141693115" , "6.589000225067139" , "7.202000141143799"
"2017-03-26 16:00:26.462" , "-0.6119999885559082" , "6.434999942779541" , "7.202000141143799"
"2017-03-26 16:00:26.649" , "-0.3059999942779541" , "6.589000225067139" , "7.047999858856201"
"2017-03-26 16:00:26.849" , "-0.765999972820282" , "6.2820000648498535" , "6.894999980926514"
"2017-03-26 16:00:27.046" , "-0.45899999141693115" , "6.2820000648498535" , "7.355000019073486"
"2017-03-26 16:00:27.247" , "-0.3059999942779541" , "6.2820000648498535" , "7.660999774932861"
"2017-03-26 16:00:27.453" , "-0.765999972820282" , "5.97599983215332" , "7.660999774932861"
"2017-03-26 16:00:27.646" , "-0.765999972820282" , "5.97599983215332" , "7.814000129699707"
"2017-03-26 16:00:27.854" , "-0.6119999885559082" , "6.129000186920166" , "7.202000141143799"
"2017-03-26 16:00:28.049" , "-0.6119999885559082" , "6.2820000648498535" , "7.355000019073486"
"2017-03-26 16:00:28.249" , "-0.765999972820282" , "5.97599983215332" , "7.660999774932861"
"2017-03-26 16:00:28.457" , "-0.765999972820282" , "5.97599983215332" , "7.814000129699707"
"2017-03-26 16:00:28.653" , "-0.6119999885559082" , "5.97599983215332" , "7.507999897003174"
"2017-03-26 16:00:28.849" , "-0.45899999141693115" , "5.97599983215332" , "8.121000289916992"
"2017-03-26 16:00:29.049" , "-0.15299999713897705" , "5.97599983215332" , "7.507999897003174"
"2017-03-26 16:00:29.246" , "-0.45899999141693115" , "5.97599983215332" , "7.507999897003174"
"2017-03-26 16:00:29.454" , "-0.6119999885559082" , "5.822000026702881" , "7.507999897003174"
"2017-03-26 16:00:29.649" , "-1.684999942779541" , "5.515999794006348" , "5.515999794006348"
"2017-03-26 16:00:29.849" , "-0.15299999713897705" , "5.056000232696533" , "11.185999870300293"
"2017-03-26 16:00:30.056" , "-0.45899999141693115" , "4.289999961853027" , "7.814000129699707"
"2017-03-26 16:00:30.246" , "-0.9190000295639038" , "4.289999961853027" , "11.185999870300293"
"2017-03-26 16:00:30.453" , "-0.6119999885559082" , "4.442999839782715" , "9.039999961853027"
"2017-03-26 16:00:30.647" , "0.0" , "4.442999839782715" , "7.202000141143799"
"2017-03-26 16:00:30.847" , "0.15299999713897705" , "5.36299991607666" , "7.507999897003174"
"2017-03-26 16:00:31.047" , "-0.15299999713897705" , "5.36299991607666" , "7.355000019073486"
"2017-03-26 16:00:31.247" , "-1.0720000267028809" , "5.97599983215332" , "7.355000019073486"
"2017-03-26 16:00:31.472" , "-1.225000023841858" , "5.669000148773193" , "8.427000045776367"
"2017-03-26 16:00:31.652" , "-0.45899999141693115" , "5.822000026702881" , "7.814000129699707"
"2017-03-26 16:00:31.852" , "-0.6119999885559082" , "5.515999794006348" , "8.27400016784668"
"2017-03-26 16:00:32.053" , "-1.531999945640564" , "5.36299991607666" , "8.27400016784668"
"2017-03-26 16:00:32.247" , "-0.6119999885559082" , "5.515999794006348" , "7.9679999351501465"
"2017-03-26 16:00:32.454" , "-1.0720000267028809" , "5.669000148773193" , "8.27400016784668"
"2017-03-26 16:00:32.652" , "-0.6119999885559082" , "5.36299991607666" , "9.347000122070313"
"2017-03-26 16:00:32.858" , "0.9190000295639038" , "5.97599983215332" , "7.202000141143799"
"2017-03-26 16:00:33.048" , "1.684999942779541" , "6.129000186920166" , "8.27400016784668"
"2017-03-26 16:00:33.248" , "2.1449999809265137" , "5.97599983215332" , "6.2820000648498535"
"2017-03-26 16:00:33.453" , "1.225000023841858" , "6.742000102996826" , "8.121000289916992"
"2017-03-26 16:00:33.648" , "-0.15299999713897705" , "5.97599983215332" , "7.507999897003174"
"2017-03-26 16:00:33.847" , "-0.6119999885559082" , "5.669000148773193" , "8.121000289916992"
"2017-03-26 16:00:34.047" , "-0.765999972820282" , "5.822000026702881" , "7.9679999351501465"
"2017-03-26 16:00:34.279" , "-0.3059999942779541" , "5.97599983215332" , "8.121000289916992"
"2017-03-26 16:00:34.454" , "-0.15299999713897705" , "5.669000148773193" , "7.660999774932861"
"2017-03-26 16:00:34.651" , "0.0" , "5.669000148773193" , "7.660999774932861"
"2017-03-26 16:00:34.848" , "-0.6119999885559082" , "5.97599983215332" , "7.814000129699707"
"2017-03-26 16:00:35.047" , "-0.15299999713897705" , "5.97599983215332" , "7.355000019073486"
"2017-03-26 16:00:35.247" , "-0.15299999713897705" , "5.97599983215332" , "7.9679999351501465"
"2017-03-26 16:00:35.452" , "-0.45899999141693115" , "5.822000026702881" , "7.355000019073486"
"2017-03-26 16:00:35.646" , "-0.45899999141693115" , "6.2820000648498535" , "8.27400016784668"
"2017-03-26 16:00:35.846" , "-0.765999972820282" , "6.2820000648498535" , "7.202000141143799"
"2017-03-26 16:00:36.046" , "-0.9190000295639038" , "5.97599983215332" , "8.121000289916992"
"2017-03-26 16:00:36.246" , "-0.9190000295639038" , "5.97599983215332" , "7.355000019073486"
"2017-03-26 16:00:36.462" , "-0.765999972820282" , "6.129000186920166" , "7.355000019073486"
"2017-03-26 16:00:36.647" , "-0.765999972820282" , "5.97599983215332" , "7.047999858856201"
"2017-03-26 16:00:36.847" , "-1.0720000267028809" , "6.129000186920166" , "7.202000141143799"
"2017-03-26 16:00:37.047" , "-0.45899999141693115" , "4.289999961853027" , "5.515999794006348"
"2017-03-26 16:00:37.300" , "-0.6119999885559082" , "3.8299999237060547" , "3.5239999294281006"
"2017-03-26 16:00:37.452" , "-2.1449999809265137" , "1.8380000591278076" , "9.652999877929688"
"2017-03-26 16:00:37.646" , "-0.765999972820282" , "0.9190000295639038" , "13.178000450134277"
"2017-03-26 16:00:37.846" , "0.765999972820282" , "1.225000023841858" , "-8.581000328063965"
"2017-03-26 16:00:38.046" , "-1.0720000267028809" , "0.3059999942779541" , "9.960000038146973"
"2017-03-26 16:00:38.248" , "-1.0720000267028809" , "0.15299999713897705" , "10.265999794006348"
"2017-03-26 16:00:38.462" , "0.6119999885559082" , "1.378999948501587" , "9.5"
"2017-03-26 16:00:38.647" , "0.6119999885559082" , "1.378999948501587" , "9.960000038146973"
"2017-03-26 16:00:38.847" , "0.765999972820282" , "1.8380000591278076" , "9.347000122070313"
"2017-03-26 16:00:39.055" , "0.765999972820282" , "1.9919999837875366" , "9.5"
"2017-03-26 16:00:39.247" , "0.9190000295639038" , "1.9919999837875366" , "9.347000122070313"
"2017-03-26 16:00:39.452" , "0.9190000295639038" , "1.9919999837875366" , "9.5"
"2017-03-26 16:00:39.649" , "0.9190000295639038" , "2.1449999809265137" , "9.5"
"2017-03-26 16:00:39.849" , "1.531999945640564" , "3.371000051498413" , "7.507999897003174"
"2017-03-26 16:00:40.050" , "0.765999972820282" , "2.757999897003174" , "9.5"
"2017-03-26 16:00:40.254" , "3.2170000076293945" , "4.442999839782715" , "14.25"
"2017-03-26 16:00:40.453" , "-1.225000023841858" , "2.757999897003174" , "3.5239999294281006"
"2017-03-26 16:00:40.653" , "0.3059999942779541" , "5.209000110626221" , "10.265999794006348"
"2017-03-26 16:00:40.852" , "-0.9190000295639038" , "6.2820000648498535" , "7.047999858856201"
"2017-03-26 16:00:41.052" , "0.15299999713897705" , "5.515999794006348" , "7.660999774932861"
"2017-03-26 16:00:41.252" , "0.0" , "4.9029998779296875" , "6.742000102996826"
"2017-03-26 16:00:41.453" , "-0.15299999713897705" , "5.822000026702881" , "7.355000019073486"
"2017-03-26 16:00:41.674" , "-0.6119999885559082" , "6.434999942779541" , "6.129000186920166"
"2017-03-26 16:00:41.852" , "-1.531999945640564" , "6.894999980926514" , "6.434999942779541"
"2017-03-26 16:00:42.053" , "-0.15299999713897705" , "8.27400016784668" , "4.5970001220703125"
"2017-03-26 16:00:42.255" , "-0.765999972820282" , "7.814000129699707" , "4.9029998779296875"
"2017-03-26 16:00:42.459" , "1.9919999837875366" , "7.355000019073486" , "5.36299991607666"
"2017-03-26 16:00:42.648" , "1.9919999837875366" , "7.202000141143799" , "4.289999961853027"
"2017-03-26 16:00:42.848" , "4.5970001220703125" , "5.669000148773193" , "2.2980000972747803"
"2017-03-26 16:00:43.126" , "4.442999839782715" , "6.2820000648498535" , "1.378999948501587"
"2017-03-26 16:00:43.248" , "4.13700008392334" , "8.427000045776367" , "0.3059999942779541"
"2017-03-26 16:00:43.453" , "10.572999954223633" , "6.2820000648498535" , "1.0720000267028809"
"2017-03-26 16:00:43.653" , "7.047999858856201" , "5.669000148773193" , "3.371000051498413"
"2017-03-26 16:00:43.853" , "8.121000289916992" , "5.36299991607666" , "2.6040000915527344"
"2017-03-26 16:00:44.052" , "8.27400016784668" , "4.9029998779296875" , "-0.3059999942779541"
"2017-03-26 16:00:44.252" , "6.129000186920166" , "7.507999897003174" , "0.6119999885559082"
"2017-03-26 16:00:44.481" , "7.355000019073486" , "6.742000102996826" , "-2.1449999809265137"
"2017-03-26 16:00:44.646" , "6.129000186920166" , "6.434999942779541" , "-1.684999942779541"
"2017-03-26 16:00:44.846" , "6.589000225067139" , "6.894999980926514" , "-0.6119999885559082"
"2017-03-26 16:00:45.046" , "7.507999897003174" , "6.434999942779541" , "-1.531999945640564"
"2017-03-26 16:00:45.246" , "6.589000225067139" , "6.2820000648498535" , "-2.1449999809265137"
"2017-03-26 16:00:45.464" , "6.589000225067139" , "6.129000186920166" , "-1.684999942779541"
"2017-03-26 16:00:45.646" , "6.589000225067139" , "6.434999942779541" , "-1.531999945640564"
"2017-03-26 16:00:45.846" , "6.129000186920166" , "5.515999794006348" , "-1.531999945640564"
"2017-03-26 16:00:46.077" , "5.97599983215332" , "6.894999980926514" , "4.289999961853027"
"2017-03-26 16:00:46.248" , "6.2820000648498535" , "5.36299991607666" , "7.660999774932861"
"2017-03-26 16:00:46.453" , "4.9029998779296875" , "5.515999794006348" , "5.36299991607666"
"2017-03-26 16:00:46.652" , "4.9029998779296875" , "5.515999794006348" , "5.515999794006348"
"2017-03-26 16:00:46.848" , "4.75" , "5.36299991607666" , "5.822000026702881"
"2017-03-26 16:00:47.048" , "5.36299991607666" , "5.822000026702881" , "5.209000110626221"
"2017-03-26 16:00:47.248" , "5.056000232696533" , "5.36299991607666" , "5.36299991607666"
"2017-03-26 16:00:47.529" , "2.6040000915527344" , "1.9919999837875366" , "3.063999891281128"
"2017-03-26 16:00:47.648" , "10.265999794006348" , "-1.0720000267028809" , "13.178000450134277"
"2017-03-26 16:00:47.848" , "11.031999588012695" , "-1.684999942779541" , "7.660999774932861"
"2017-03-26 16:00:48.048" , "5.97599983215332" , "-3.677000045776367" , "4.9029998779296875"
"2017-03-26 16:00:48.248" , "-1.8380000591278076" , "-1.8380000591278076" , "9.960000038146973"
"2017-03-26 16:00:48.453" , "5.515999794006348" , "-3.677000045776367" , "9.960000038146973"
"2017-03-26 16:00:48.649" , "9.807000160217285" , "-3.677000045776367" , "11.645000457763672"
"2017-03-26 16:00:48.859" , "-1.684999942779541" , "-0.6119999885559082" , "8.88700008392334"
"2017-03-26 16:00:49.049" , "-0.3059999942779541" , "0.15299999713897705" , "9.347000122070313"
"2017-03-26 16:00:49.248" , "0.45899999141693115" , "0.15299999713897705" , "9.652999877929688"
"2017-03-26 16:00:49.452" , "0.15299999713897705" , "-0.15299999713897705" , "9.807000160217285"
"2017-03-26 16:00:49.646" , "0.6119999885559082" , "0.15299999713897705" , "9.807000160217285"
"2017-03-26 16:00:49.848" , "0.45899999141693115" , "0.15299999713897705" , "9.652999877929688"
"2017-03-26 16:00:50.046" , "0.45899999141693115" , "0.15299999713897705" , "9.807000160217285"
"2017-03-26 16:00:50.646" , "0.45899999141693115" , "0.15299999713897705" , "9.652999877929688"
"2017-03-26 16:00:50.846" , "0.45899999141693115" , "0.15299999713897705" , "9.807000160217285"
"2017-03-26 16:00:51.471" , "0.45899999141693115" , "0.15299999713897705" , "9.652999877929688"
"2017-03-26 16:00:51.647" , "0.45899999141693115" , "0.15299999713897705" , "9.807000160217285"
"2017-03-26 16:00:54.046" , "0.45899999141693115" , "0.15299999713897705" , "9.652999877929688"
"2017-03-26 16:00:54.246" , "0.45899999141693115" , "0.15299999713897705" , "9.807000160217285"
"2017-03-26 16:00:54.466" , "0.45899999141693115" , "0.15299999713897705" , "9.652999877929688"
"2017-03-26 16:00:54.647" , "0.45899999141693115" , "0.15299999713897705" , "9.807000160217285"
"2017-03-26 16:00:55.852" , "0.45899999141693115" , "0.15299999713897705" , "9.652999877929688"
"2017-03-26 16:00:56.276" , "0.45899999141693115" , "0.15299999713897705" , "9.807000160217285"
"2017-03-26 16:00:57.048" , "0.45899999141693115" , "0.15299999713897705" , "9.652999877929688"
"2017-03-26 16:00:57.248" , "0.45899999141693115" , "0.15299999713897705" , "9.807000160217285"
"2017-03-26 16:00:57.453" , "0.45899999141693115" , "0.15299999713897705" , "9.652999877929688"
"2017-03-26 16:00:57.648" , "0.45899999141693115" , "0.15299999713897705" , "9.807000160217285"
"2017-03-26 16:00:58.452" , "0.45899999141693115" , "0.15299999713897705" , "9.652999877929688"
"2017-03-26 16:00:58.648" , "0.45899999141693115" , "0.15299999713897705" , "9.807000160217285"
"2017-03-26 16:00:59.850" , "0.45899999141693115" , "0.15299999713897705" , "9.652999877929688"
"2017-03-26 16:01:00.247" , "0.45899999141693115" , "0.15299999713897705" , "9.807000160217285"
"2017-03-26 16:01:06.657" , "0.45899999141693115" , "0.15299999713897705" , "9.652999877929688"
"2017-03-26 16:01:06.849" , "0.45899999141693115" , "0.15299999713897705" , "9.807000160217285"
"2017-03-26 16:01:07.250" , "0.45899999141693115" , "0.15299999713897705" , "9.652999877929688"
"2017-03-26 16:01:07.470" , "0.45899999141693115" , "0.15299999713897705" , "9.807000160217285"
"2017-03-26 16:01:10.247" , "0.45899999141693115" , "0.3059999942779541" , "9.960000038146973"
"2017-03-26 16:01:10.470" , "1.9919999837875366" , "0.3059999942779541" , "9.5"
"2017-03-26 16:01:10.648" , "-3.8299999237060547" , "-0.3059999942779541" , "9.960000038146973"
"2017-03-26 16:01:10.847" , "-0.6119999885559082" , "0.0" , "9.807000160217285"
"2017-03-26 16:01:11.047" , "-0.6119999885559082" , "0.15299999713897705" , "9.807000160217285"
"2017-03-26 16:01:11.303" , "-0.6119999885559082" , "0.0" , "9.807000160217285"
"2017-03-26 16:01:12.047" , "-0.765999972820282" , "0.0" , "9.807000160217285"
"2017-03-26 16:01:12.248" , "-0.6119999885559082" , "0.0" , "9.807000160217285"
"2017-03-26 16:01:12.452" , "-0.765999972820282" , "0.0" , "9.807000160217285"
"2017-03-26 16:01:14.049" , "-0.6119999885559082" , "0.0" , "9.807000160217285"
"2017-03-26 16:01:14.262" , "-0.765999972820282" , "0.0" , "9.807000160217285"
"2017-03-26 16:01:14.454" , "-0.6119999885559082" , "0.0" , "9.807000160217285"
"2017-03-26 16:01:14.853" , "-0.765999972820282" , "0.0" , "9.807000160217285"
"2017-03-26 16:01:15.254" , "-0.6119999885559082" , "0.0" , "9.807000160217285"
"2017-03-26 16:01:15.454" , "-0.765999972820282" , "0.0" , "9.807000160217285"
"2017-03-26 16:01:20.648" , "-1.225000023841858" , "-0.3059999942779541" , "10.11299991607666"
"2017-03-26 16:01:20.847" , "-3.5239999294281006" , "1.531999945640564" , "10.418999671936035"
"2017-03-26 16:01:21.047" , "1.8380000591278076" , "7.507999897003174" , "0.45899999141693115"
"2017-03-26 16:01:21.247" , "-0.15299999713897705" , "9.807000160217285" , "1.684999942779541"
"2017-03-26 16:01:21.455" , "-1.225000023841858" , "8.88700008392334" , "3.677000045776367"
"2017-03-26 16:01:21.726" , "-0.6119999885559082" , "9.194000244140625" , "3.2170000076293945"
"2017-03-26 16:01:21.848" , "-1.0720000267028809" , "9.194000244140625" , "2.9110000133514404"
"2017-03-26 16:01:22.048" , "-0.9190000295639038" , "9.194000244140625" , "3.063999891281128"
"2017-03-26 16:01:22.453" , "-1.0720000267028809" , "9.194000244140625" , "3.063999891281128"
"2017-03-26 16:01:22.648" , "-1.0720000267028809" , "9.194000244140625" , "2.757999897003174"
"2017-03-26 16:01:22.848" , "-0.9190000295639038" , "9.194000244140625" , "2.757999897003174"
"2017-03-26 16:01:23.057" , "-0.9190000295639038" , "9.194000244140625" , "2.9110000133514404"
"2017-03-26 16:01:23.246" , "-1.0720000267028809" , "9.194000244140625" , "2.9110000133514404"
"2017-03-26 16:01:23.465" , "-0.9190000295639038" , "9.194000244140625" , "2.9110000133514404"
"2017-03-26 16:01:23.647" , "-0.9190000295639038" , "9.194000244140625" , "2.6040000915527344"
"2017-03-26 16:01:23.847" , "-0.9190000295639038" , "9.194000244140625" , "2.9110000133514404"
"2017-03-26 16:01:24.047" , "-0.9190000295639038" , "9.194000244140625" , "2.757999897003174"
"2017-03-26 16:01:24.516" , "-0.15299999713897705" , "10.11299991607666" , "1.225000023841858"
"2017-03-26 16:01:24.676" , "-4.13700008392334" , "6.742000102996826" , "6.129000186920166"
"2017-03-26 16:01:24.853" , "-9.652999877929688" , "4.13700008392334" , "3.5239999294281006"
"2017-03-26 16:01:25.048" , "-8.27400016784668" , "3.677000045776367" , "3.063999891281128"
"2017-03-26 16:01:25.248" , "-5.669000148773193" , "3.5239999294281006" , "4.75"
"2017-03-26 16:01:25.453" , "-5.97599983215332" , "2.6040000915527344" , "2.2980000972747803"
"2017-03-26 16:01:25.653" , "-12.104999542236328" , "4.13700008392334" , "1.9919999837875366"
"2017-03-26 16:01:25.848" , "-10.572999954223633" , "3.063999891281128" , "3.2170000076293945"
"2017-03-26 16:01:26.132" , "-9.652999877929688" , "3.371000051498413" , "4.75"
"2017-03-26 16:01:26.248" , "-4.289999961853027" , "1.531999945640564" , "5.515999794006348"
"2017-03-26 16:01:26.460" , "-5.515999794006348" , "4.13700008392334" , "4.5970001220703125"
"2017-03-26 16:01:26.661" , "0.765999972820282" , "2.6040000915527344" , "11.33899974822998"
"2017-03-26 16:01:26.855" , "2.1449999809265137" , "3.9839999675750732" , "8.427000045776367"
"2017-03-26 16:01:27.057" , "1.684999942779541" , "4.5970001220703125" , "8.734000205993652"
"2017-03-26 16:01:27.248" , "1.0720000267028809" , "4.289999961853027" , "9.807000160217285"
"2017-03-26 16:01:27.565" , "-0.15299999713897705" , "5.515999794006348" , "9.039999961853027"
